x	y	z	ts
0,100499	2,440679	9,391829	2020-10-29T19:13:56:211
0,074178	2,431108	9,322437	2020-10-29T19:13:56:212
-0,023928	2,354537	9,410972	2020-10-29T19:13:56:213
0,186640	2,404787	9,248260	2020-10-29T19:13:56:213
0,019143	2,435893	9,334401	2020-10-29T19:13:56:214
-0,009571	2,555535	9,310472	2020-10-29T19:13:56:214
-0,052642	2,629712	9,310472	2020-10-29T19:13:56:217
-0,124427	2,617748	9,200402	2020-10-29T19:13:56:244
-0,093320	2,569891	9,238688	2020-10-29T19:13:56:261
-0,433101	2,543570	9,578469	2020-10-29T19:13:56:279
-0,669990	2,742175	9,006584	2020-10-29T19:13:56:298
-0,433101	3,452843	8,841480	2020-10-29T19:13:56:318
-0,363709	3,337988	8,839087	2020-10-29T19:13:56:339
-0,504886	2,907279	9,291330	2020-10-29T19:13:56:359
-0,418744	2,270789	9,671788	2020-10-29T19:13:56:378
-0,114855	2,280360	9,504292	2020-10-29T19:13:56:399
0,028714	2,629712	9,382257	2020-10-29T19:13:56:418
0,248854	2,311467	9,482756	2020-10-29T19:13:56:438
0,581456	1,572084	9,556933	2020-10-29T19:13:56:459
1,110270	1,634298	8,891729	2020-10-29T19:13:56:479
1,210768	1,569692	8,721838	2020-10-29T19:13:56:498
1,122234	0,868595	9,791430	2020-10-29T19:13:56:519
1,076770	-0,095713	10,980663	2020-10-29T19:13:56:539
0,964308	-1,184447	10,269995	2020-10-29T19:13:56:559
0,669990	-0,887737	9,439686	2020-10-29T19:13:56:579
0,744168	1,060020	8,640482	2020-10-29T19:13:56:599
0,667598	2,230111	8,824730	2020-10-29T19:13:56:619
0,375673	2,828316	9,236296	2020-10-29T19:13:56:639
-0,167498	3,885944	9,750752	2020-10-29T19:13:56:659
-1,141376	5,467600	9,571291	2020-10-29T19:13:56:679
-1,945365	6,850651	8,822337	2020-10-29T19:13:56:699
-1,660619	5,584848	8,463413	2020-10-29T19:13:56:719
-0,413958	3,601198	8,370094	2020-10-29T19:13:56:739
0,270389	2,239682	8,867801	2020-10-29T19:13:56:759
0,157926	1,402194	9,284152	2020-10-29T19:13:56:779
-0,239282	1,646262	9,834501	2020-10-29T19:13:56:800
-0,167498	1,978864	9,489935	2020-10-29T19:13:56:819
0,035892	2,067399	9,585647	2020-10-29T19:13:56:839
-0,066999	2,368894	9,178867	2020-10-29T19:13:56:861
-0,437887	2,112862	9,415757	2020-10-29T19:13:56:879
-0,124427	2,143969	9,537791	2020-10-29T19:13:56:899
-0,107677	3,125026	8,982656	2020-10-29T19:13:56:919
-0,172283	3,098706	9,408579	2020-10-29T19:13:56:939
-0,452243	2,897708	9,174082	2020-10-29T19:13:56:960
-0,552742	2,196611	9,126225	2020-10-29T19:13:56:979
-0,705883	1,830509	9,621540	2020-10-29T19:13:57:000
-0,610170	1,658226	9,667004	2020-10-29T19:13:57:019
-0,155533	1,986043	9,664611	2020-10-29T19:13:57:039
0,057428	2,488536	9,382257	2020-10-29T19:13:57:059
-0,081356	2,543570	9,104690	2020-10-29T19:13:57:080
-0,145962	2,380858	9,056834	2020-10-29T19:13:57:100
-0,476172	2,361716	9,212367	2020-10-29T19:13:57:119
-0,557528	2,239682	9,528220	2020-10-29T19:13:57:141
-0,387637	2,148755	9,327222	2020-10-29T19:13:57:159
-0,270389	2,242075	9,276974	2020-10-29T19:13:57:179
-0,212961	2,282753	9,406186	2020-10-29T19:13:57:200
-0,368495	2,275574	9,418150	2020-10-29T19:13:57:219
-0,253639	2,431108	9,415757	2020-10-29T19:13:57:240
-0,153141	2,411965	9,310472	2020-10-29T19:13:57:261
-0,251246	2,065006	9,403792	2020-10-29T19:13:57:279
-0,246461	1,981257	9,442079	2020-10-29T19:13:57:300
-0,172283	1,978864	9,367901	2020-10-29T19:13:57:319
-0,267996	2,182254	9,358330	2020-10-29T19:13:57:341
-0,392423	2,199004	9,509077	2020-10-29T19:13:57:360
-0,296710	2,031506	9,399008	2020-10-29T19:13:57:380
-0,212961	2,057827	9,477970	2020-10-29T19:13:57:399
-0,184247	2,055435	9,485149	2020-10-29T19:13:57:421
-0,299103	2,218147	9,437292	2020-10-29T19:13:57:441
-0,296710	2,029114	9,365508	2020-10-29T19:13:57:462
-0,239282	2,151148	9,394222	2020-10-29T19:13:57:481
-0,208176	2,110470	9,399008	2020-10-29T19:13:57:502
-0,217747	2,072184	9,480364	2020-10-29T19:13:57:521
-0,263210	1,995614	9,482756	2020-10-29T19:13:57:542
-0,229711	2,048256	9,485149	2020-10-29T19:13:57:562
-0,282353	2,053042	9,394222	2020-10-29T19:13:57:583
-0,248854	2,210968	9,341579	2020-10-29T19:13:57:601
-0,210568	2,232504	9,375079	2020-10-29T19:13:57:622
-0,210568	2,285146	9,377472	2020-10-29T19:13:57:642
-0,217747	2,244468	9,353544	2020-10-29T19:13:57:665
-0,150748	2,277967	9,343972	2020-10-29T19:13:57:682
-0,220140	2,187040	9,422935	2020-10-29T19:13:57:702
-0,267996	2,268396	9,387043	2020-10-29T19:13:57:722
-0,260818	2,213361	9,487542	2020-10-29T19:13:57:744
-0,236889	2,100898	9,396614	2020-10-29T19:13:57:761
-0,229711	2,057827	9,387043	2020-10-29T19:13:57:782
-0,179462	2,041078	9,413363	2020-10-29T19:13:57:802
-0,193819	2,151148	9,377472	2020-10-29T19:13:57:825
-0,256032	2,098505	9,434900	2020-10-29T19:13:57:841
-0,251246	1,931008	9,427721	2020-10-29T19:13:57:863
-0,244068	1,897508	9,401401	2020-10-29T19:13:57:882
-0,284746	2,041078	9,468399	2020-10-29T19:13:57:903
-0,311067	2,172683	9,473185	2020-10-29T19:13:57:922
-0,244068	2,110470	9,432507	2020-10-29T19:13:57:943
-0,153141	2,172683	9,377472	2020-10-29T19:13:57:962
-0,143569	2,215754	9,401401	2020-10-29T19:13:57:984
-0,229711	2,215754	9,382257	2020-10-29T19:13:58:001
-0,153141	2,167897	9,389436	2020-10-29T19:13:58:023
-0,124427	2,067399	9,399008	2020-10-29T19:13:58:042
-0,174676	2,026721	9,528220	2020-10-29T19:13:58:067
-0,189033	1,954936	9,489935	2020-10-29T19:13:58:081
-0,306281	1,974079	9,432507	2020-10-29T19:13:58:102
-0,279960	1,976472	9,439686	2020-10-29T19:13:58:122
-0,313460	1,864009	9,403792	2020-10-29T19:13:58:143
-0,193819	2,053042	9,466006	2020-10-29T19:13:58:163
-0,208176	2,086541	9,415757	2020-10-29T19:13:58:184
-0,212961	2,175076	9,403792	2020-10-29T19:13:58:202
-0,217747	2,208575	9,372685	2020-10-29T19:13:58:224
-0,215354	2,277967	9,422935	2020-10-29T19:13:58:242
-0,253639	2,323431	9,384650	2020-10-29T19:13:58:263
-0,306281	2,306681	9,492328	2020-10-29T19:13:58:283
-0,191426	2,196611	9,446864	2020-10-29T19:13:58:305
-0,153141	2,002793	9,482756	2020-10-29T19:13:58:323
-0,122034	1,933401	9,348758	2020-10-29T19:13:58:344
-0,150748	1,911865	9,413363	2020-10-29T19:13:58:362
-0,093320	1,983650	9,387043	2020-10-29T19:13:58:384
-0,160319	2,139183	9,403792	2020-10-29T19:13:58:402
-0,224925	2,189433	9,384650	2020-10-29T19:13:58:423
-0,220140	2,160719	9,389436	2020-10-29T19:13:58:442
-0,155533	2,208575	9,372685	2020-10-29T19:13:58:464
-0,186640	2,184647	9,363115	2020-10-29T19:13:58:481
-0,263210	2,213361	9,552148	2020-10-29T19:13:58:503
-0,181855	2,380858	9,324830	2020-10-29T19:13:58:522
0,009571	2,304288	9,183653	2020-10-29T19:13:58:545
0,062213	2,407180	9,241080	2020-10-29T19:13:58:563
0,074178	2,452643	9,420543	2020-10-29T19:13:58:584
-0,177069	2,306681	9,489935	2020-10-29T19:13:58:602
-0,334995	2,148755	9,475577	2020-10-29T19:13:58:623
-0,411566	1,998007	9,489935	2020-10-29T19:13:58:642
-0,433101	1,885544	9,492328	2020-10-29T19:13:58:664
-0,375673	1,940579	9,516255	2020-10-29T19:13:58:682
-0,303888	2,000400	9,413363	2020-10-29T19:13:58:704
-0,196211	2,134398	9,470792	2020-10-29T19:13:58:722
-0,047856	2,249253	9,358330	2020-10-29T19:13:58:744
0,021535	2,328217	9,315259	2020-10-29T19:13:58:763
0,064606	2,409572	9,265009	2020-10-29T19:13:58:785
0,107677	2,378466	9,272188	2020-10-29T19:13:58:802
-0,004786	2,443072	9,336794	2020-10-29T19:13:58:824
0,033500	2,335395	9,262616	2020-10-29T19:13:58:844
-0,038285	2,304288	9,312866	2020-10-29T19:13:58:864
-0,086142	2,053042	9,458827	2020-10-29T19:13:58:882
-0,133998	1,926222	9,619147	2020-10-29T19:13:58:904
-0,315853	1,770689	9,664611	2020-10-29T19:13:58:923
-0,464208	1,775474	9,535398	2020-10-29T19:13:58:945
-0,413958	1,849652	9,461221	2020-10-29T19:13:58:963
-0,311067	2,079363	9,387043	2020-10-29T19:13:58:984
-0,287139	2,371287	9,427721	2020-10-29T19:13:59:003
-0,165105	2,459821	9,358330	2020-10-29T19:13:59:025
0,021535	2,364109	9,327222	2020-10-29T19:13:59:043
0,090927	2,373680	9,382257	2020-10-29T19:13:59:064
0,224925	2,404787	9,255438	2020-10-29T19:13:59:083
0,160319	2,514857	9,310472	2020-10-29T19:13:59:104
-0,021535	2,584249	9,327222	2020-10-29T19:13:59:124
-0,162712	2,572284	9,296116	2020-10-29T19:13:59:144
-0,344566	2,467000	9,387043	2020-10-29T19:13:59:163
-0,227318	2,335395	9,250652	2020-10-29T19:13:59:184
-0,169890	2,287539	9,308081	2020-10-29T19:13:59:203
-0,165105	2,277967	9,387043	2020-10-29T19:13:59:224
-0,071785	2,100898	9,437292	2020-10-29T19:13:59:243
-0,023928	2,122434	9,372685	2020-10-29T19:13:59:266
0,033500	2,208575	9,308081	2020-10-29T19:13:59:283
0,007178	2,371287	9,375079	2020-10-29T19:13:59:304
-0,033500	2,385644	9,396614	2020-10-29T19:13:59:323
-0,028714	2,249253	9,365508	2020-10-29T19:13:59:345
-0,112463	2,201397	9,432507	2020-10-29T19:13:59:365
-0,217747	2,045863	9,449257	2020-10-29T19:13:59:384
-0,189033	2,060220	9,480364	2020-10-29T19:13:59:403
-0,212961	1,940579	9,458827	2020-10-29T19:13:59:425
-0,119641	1,875973	9,525827	2020-10-29T19:13:59:443
-0,133998	1,962115	9,456435	2020-10-29T19:13:59:465
-0,093320	1,969293	9,444471	2020-10-29T19:13:59:483
-0,093320	2,072184	9,396614	2020-10-29T19:13:59:506
-0,002393	2,096112	9,446864	2020-10-29T19:13:59:523
-0,124427	2,124826	9,410972	2020-10-29T19:13:59:545
-0,043071	2,155933	9,341579	2020-10-29T19:13:59:563
-0,093320	2,146362	9,494720	2020-10-29T19:13:59:585
-0,143569	1,971686	9,420543	2020-10-29T19:13:59:604
-0,114855	1,964507	9,437292	2020-10-29T19:13:59:625
-0,095713	1,998007	9,399008	2020-10-29T19:13:59:644
-0,071785	2,165504	9,410972	2020-10-29T19:13:59:665
-0,038285	2,170290	9,370294	2020-10-29T19:13:59:683
-0,122034	2,155933	9,430114	2020-10-29T19:13:59:705
-0,126820	2,117648	9,506684	2020-10-29T19:13:59:724
-0,066999	2,196611	9,422935	2020-10-29T19:13:59:746
-0,078963	2,105684	9,427721	2020-10-29T19:13:59:764
-0,107677	2,175076	9,329616	2020-10-29T19:13:59:785
-0,026321	2,163112	9,449257	2020-10-29T19:13:59:803
-0,090927	2,053042	9,497113	2020-10-29T19:13:59:825
-0,205783	1,897508	9,387043	2020-10-29T19:13:59:844
-0,157926	1,978864	9,427721	2020-10-29T19:13:59:865
-0,160319	1,981257	9,485149	2020-10-29T19:13:59:884
-0,136391	1,921437	9,468399	2020-10-29T19:13:59:905
-0,131605	2,026721	9,461221	2020-10-29T19:13:59:923
-0,141177	1,919044	9,446864	2020-10-29T19:13:59:945
-0,129212	1,959722	9,413363	2020-10-29T19:13:59:964
-0,129212	1,952543	9,449257	2020-10-29T19:13:59:986
-0,071785	2,012364	9,439686	2020-10-29T19:14:00:005
-0,086142	1,928615	9,477970	2020-10-29T19:14:00:025
-0,122034	1,962115	9,449257	2020-10-29T19:14:00:043
-0,122034	1,907080	9,430114	2020-10-29T19:14:00:066
-0,081356	1,923829	9,444471	2020-10-29T19:14:00:084
-0,114855	1,954936	9,449257	2020-10-29T19:14:00:105
-0,100499	1,938186	9,425328	2020-10-29T19:14:00:124
-0,083749	1,976472	9,425328	2020-10-29T19:14:00:145
-0,136391	1,986043	9,463614	2020-10-29T19:14:00:164
-0,086142	1,950150	9,547362	2020-10-29T19:14:00:185
-0,086142	1,837688	9,446864	2020-10-29T19:14:00:204
-0,069392	1,971686	9,437292	2020-10-29T19:14:00:227
-0,110070	1,947758	9,463614	2020-10-29T19:14:00:244
-0,131605	1,935793	9,432507	2020-10-29T19:14:00:266
-0,064606	1,926222	9,504292	2020-10-29T19:14:00:284
-0,074178	1,866402	9,528220	2020-10-29T19:14:00:306
-0,057428	1,852045	9,542577	2020-10-29T19:14:00:324
-0,011964	1,986043	9,403792	2020-10-29T19:14:00:346
-0,071785	2,115255	9,485149	2020-10-29T19:14:00:364
-0,059821	1,861616	9,482756	2020-10-29T19:14:00:386
-0,033500	1,835295	9,432507	2020-10-29T19:14:00:404
-0,040678	1,866402	9,444471	2020-10-29T19:14:00:426
-0,076570	2,000400	9,470792	2020-10-29T19:14:00:445
-0,174676	1,954936	9,437292	2020-10-29T19:14:00:468
-0,131605	1,947758	9,442079	2020-10-29T19:14:00:484
-0,155533	1,897508	9,530612	2020-10-29T19:14:00:506
-0,052642	1,907080	9,399008	2020-10-29T19:14:00:524
-0,112463	1,854438	9,427721	2020-10-29T19:14:00:546
-0,105284	1,866402	9,516255	2020-10-29T19:14:00:564
-0,122034	1,840081	9,477970	2020-10-29T19:14:00:586
-0,076570	1,895115	9,451650	2020-10-29T19:14:00:604
-0,131605	1,854438	9,489935	2020-10-29T19:14:00:626
-0,090927	1,931008	9,523434	2020-10-29T19:14:00:644
-0,150748	1,933401	9,487542	2020-10-29T19:14:00:666
0,007178	1,856830	9,406186	2020-10-29T19:14:00:684
-0,045464	1,873580	9,506684	2020-10-29T19:14:00:707
-0,047856	1,923829	9,446864	2020-10-29T19:14:00:725
-0,035892	1,878366	9,458827	2020-10-29T19:14:00:746
-0,064606	1,816152	9,509077	2020-10-29T19:14:00:765
-0,107677	1,794617	9,439686	2020-10-29T19:14:00:786
-0,059821	1,837688	9,482756	2020-10-29T19:14:00:805
-0,086142	1,842474	9,485149	2020-10-29T19:14:00:826
-0,117248	1,818545	9,468399	2020-10-29T19:14:00:845
-0,033500	1,880759	9,480364	2020-10-29T19:14:00:868
-0,069392	1,988436	9,466006	2020-10-29T19:14:00:884
-0,083749	1,959722	9,533006	2020-10-29T19:14:00:906
-0,002393	1,885544	9,382257	2020-10-29T19:14:00:924
-0,035892	1,945365	9,466006	2020-10-29T19:14:00:951
-0,069392	1,974079	9,497113	2020-10-29T19:14:00:966
-0,090927	1,969293	9,492328	2020-10-29T19:14:00:986
-0,016750	1,811367	9,437292	2020-10-29T19:14:01:005
-0,035892	1,887937	9,468399	2020-10-29T19:14:01:027
-0,050249	1,907080	9,466006	2020-10-29T19:14:01:045
-0,119641	1,899901	9,444471	2020-10-29T19:14:01:067
-0,090927	1,933401	9,439686	2020-10-29T19:14:01:085
-0,043071	1,942972	9,497113	2020-10-29T19:14:01:107
-0,071785	1,873580	9,516255	2020-10-29T19:14:01:124
-0,114855	1,840081	9,475577	2020-10-29T19:14:01:147
-0,119641	1,842474	9,470792	2020-10-29T19:14:01:165
-0,069392	2,038685	9,513863	2020-10-29T19:14:01:188
-0,071785	1,950150	9,420543	2020-10-29T19:14:01:205
-0,023928	1,868794	9,480364	2020-10-29T19:14:01:228
-0,069392	1,890330	9,516255	2020-10-29T19:14:01:245
-0,088534	1,911865	9,511470	2020-10-29T19:14:01:267
-0,086142	1,885544	9,437292	2020-10-29T19:14:01:285
-0,093320	1,842474	9,499505	2020-10-29T19:14:01:306
-0,119641	1,797010	9,501899	2020-10-29T19:14:01:325
-0,035892	1,904687	9,449257	2020-10-29T19:14:01:348
-0,047856	1,902294	9,401401	2020-10-29T19:14:01:365
-0,088534	1,938186	9,442079	2020-10-29T19:14:01:387
-0,179462	1,933401	9,446864	2020-10-29T19:14:01:405
-0,076570	1,983650	9,497113	2020-10-29T19:14:01:428
-0,093320	1,969293	9,473185	2020-10-29T19:14:01:445
-0,066999	1,907080	9,458827	2020-10-29T19:14:01:467
-0,040678	1,866402	9,422935	2020-10-29T19:14:01:485
-0,028714	1,895115	9,482756	2020-10-29T19:14:01:507
-0,088534	1,864009	9,458827	2020-10-29T19:14:01:525
-0,059821	1,959722	9,442079	2020-10-29T19:14:01:547
-0,064606	1,890330	9,391829	2020-10-29T19:14:01:565
-0,043071	1,921437	9,442079	2020-10-29T19:14:01:587
-0,102891	1,859223	9,463614	2020-10-29T19:14:01:606
-0,040678	1,854438	9,456435	2020-10-29T19:14:01:627
-0,105284	1,926222	9,434900	2020-10-29T19:14:01:645
-0,126820	1,964507	9,475577	2020-10-29T19:14:01:668
-0,100499	1,916651	9,509077	2020-10-29T19:14:01:685
-0,066999	1,854438	9,492328	2020-10-29T19:14:01:707
-0,055035	1,871187	9,394222	2020-10-29T19:14:01:725
-0,078963	1,954936	9,501899	2020-10-29T19:14:01:748
-0,174676	2,009971	9,489935	2020-10-29T19:14:01:765
-0,105284	1,868794	9,595219	2020-10-29T19:14:01:787
-0,066999	1,928615	9,473185	2020-10-29T19:14:01:805
-0,150748	1,921437	9,454042	2020-10-29T19:14:01:828
-0,098106	1,950150	9,473185	2020-10-29T19:14:01:846
-0,050249	1,938186	9,475577	2020-10-29T19:14:01:868
-0,078963	1,942972	9,430114	2020-10-29T19:14:01:886
-0,069392	1,928615	9,372685	2020-10-29T19:14:01:908
-0,045464	1,935793	9,415757	2020-10-29T19:14:01:925
0,007178	2,038685	9,466006	2020-10-29T19:14:01:948
-0,069392	1,940579	9,511470	2020-10-29T19:14:01:967
-0,059821	1,885544	9,528220	2020-10-29T19:14:01:988
-0,050249	1,880759	9,387043	2020-10-29T19:14:02:006
-0,107677	1,926222	9,379865	2020-10-29T19:14:02:028
-0,059821	2,007578	9,449257	2020-10-29T19:14:02:046
-0,062213	1,931008	9,489935	2020-10-29T19:14:02:068
-0,002393	1,842474	9,434900	2020-10-29T19:14:02:086
-0,019143	1,907080	9,406186	2020-10-29T19:14:02:108
0,011964	1,962115	9,506684	2020-10-29T19:14:02:125
-0,033500	1,986043	9,466006	2020-10-29T19:14:02:149
-0,028714	1,885544	9,470792	2020-10-29T19:14:02:167
-0,066999	1,954936	9,506684	2020-10-29T19:14:02:188
-0,133998	1,911865	9,401401	2020-10-29T19:14:02:206
-0,062213	1,871187	9,456435	2020-10-29T19:14:02:229
-0,074178	1,878366	9,439686	2020-10-29T19:14:02:246
-0,033500	1,816152	9,418150	2020-10-29T19:14:02:269
-0,105284	1,861616	9,430114	2020-10-29T19:14:02:285
-0,081356	1,847259	9,434900	2020-10-29T19:14:02:309
-0,011964	1,909473	9,463614	2020-10-29T19:14:02:326
-0,002393	1,923829	9,413363	2020-10-29T19:14:02:350
-0,028714	2,005185	9,461221	2020-10-29T19:14:02:367
-0,148355	2,029114	9,437292	2020-10-29T19:14:02:391
-0,071785	1,852045	9,461221	2020-10-29T19:14:02:405
0,004786	1,758725	9,537791	2020-10-29T19:14:02:430
-0,114855	1,703690	9,590433	2020-10-29T19:14:02:445
-0,026321	1,600798	9,523434	2020-10-29T19:14:02:470
-0,011964	1,622334	9,497113	2020-10-29T19:14:02:486
-0,023928	1,837688	9,499505	2020-10-29T19:14:02:509
-0,126820	1,923829	9,466006	2020-10-29T19:14:02:526
-0,074178	1,832902	9,463614	2020-10-29T19:14:02:549
-0,090927	1,840081	9,449257	2020-10-29T19:14:02:566
-0,019143	1,840081	9,501899	2020-10-29T19:14:02:589
0,009571	1,823331	9,477970	2020-10-29T19:14:02:606
-0,040678	1,761117	9,497113	2020-10-29T19:14:02:629
-0,002393	1,799403	9,468399	2020-10-29T19:14:02:647
-0,057428	1,861616	9,444471	2020-10-29T19:14:02:669
-0,023928	1,799403	9,494720	2020-10-29T19:14:02:686
-0,098106	1,787439	9,468399	2020-10-29T19:14:02:709
-0,095713	1,849652	9,434900	2020-10-29T19:14:02:726
-0,131605	1,926222	9,477970	2020-10-29T19:14:02:749
-0,088534	1,856830	9,442079	2020-10-29T19:14:02:766
-0,076570	1,852045	9,564112	2020-10-29T19:14:02:789
-0,007178	1,777867	9,489935	2020-10-29T19:14:02:806
-0,062213	1,773082	9,487542	2020-10-29T19:14:02:829
-0,078963	1,856830	9,485149	2020-10-29T19:14:02:846
-0,074178	1,852045	9,501899	2020-10-29T19:14:02:870
-0,043071	1,713261	9,518648	2020-10-29T19:14:02:887
-0,011964	1,799403	9,470792	2020-10-29T19:14:02:909
-0,074178	1,808974	9,492328	2020-10-29T19:14:02:926
-0,066999	1,859223	9,511470	2020-10-29T19:14:02:949
-0,052642	1,808974	9,473185	2020-10-29T19:14:02:966
-0,071785	1,830509	9,449257	2020-10-29T19:14:02:989
-0,105284	1,739582	9,499505	2020-10-29T19:14:03:006
-0,047856	1,753939	9,535398	2020-10-29T19:14:03:029
-0,062213	1,763510	9,518648	2020-10-29T19:14:03:047
-0,126820	1,789831	9,504292	2020-10-29T19:14:03:070
-0,021535	1,732404	9,480364	2020-10-29T19:14:03:087
-0,026321	1,751546	9,492328	2020-10-29T19:14:03:109
-0,011964	1,715654	9,477970	2020-10-29T19:14:03:126
0,007178	1,785046	9,506684	2020-10-29T19:14:03:150
0,007178	1,658226	9,516255	2020-10-29T19:14:03:167
-0,028714	1,684547	9,475577	2020-10-29T19:14:03:189
-0,081356	1,832902	9,506684	2020-10-29T19:14:03:206
-0,074178	1,749153	9,564112	2020-10-29T19:14:03:230
-0,064606	1,557728	9,580862	2020-10-29T19:14:03:247
0,023928	1,579263	9,561719	2020-10-29T19:14:03:269
-0,028714	1,607977	9,616754	2020-10-29T19:14:03:286
-0,122034	1,658226	9,528220	2020-10-29T19:14:03:310
-0,066999	1,655833	9,521042	2020-10-29T19:14:03:327
-0,069392	1,584049	9,492328	2020-10-29T19:14:03:351
-0,107677	1,555335	9,564112	2020-10-29T19:14:03:367
-0,038285	1,560120	9,473185	2020-10-29T19:14:03:390
-0,066999	1,619941	9,418150	2020-10-29T19:14:03:407
0,009571	1,741975	9,403792	2020-10-29T19:14:03:429
0,023928	1,684547	9,559326	2020-10-29T19:14:03:447
0,059821	1,569692	9,451650	2020-10-29T19:14:03:470
-0,100499	1,708475	9,719646	2020-10-29T19:14:03:487
-0,055035	1,533799	9,571291	2020-10-29T19:14:03:509
-0,122034	1,610370	9,470792	2020-10-29T19:14:03:527
-0,062213	1,701297	9,561719	2020-10-29T19:14:03:550
-0,007178	1,768296	9,513863	2020-10-29T19:14:03:568
-0,014357	1,763510	9,547362	2020-10-29T19:14:03:590
-0,066999	1,718047	9,480364	2020-10-29T19:14:03:607
-0,043071	1,610370	9,489935	2020-10-29T19:14:03:630
-0,050249	1,698904	9,556933	2020-10-29T19:14:03:647
-0,126820	1,610370	9,559326	2020-10-29T19:14:03:669
-0,028714	1,600798	9,523434	2020-10-29T19:14:03:687
0,026321	1,706082	9,518648	2020-10-29T19:14:03:710
-0,040678	1,646262	9,506684	2020-10-29T19:14:03:727
-0,016750	1,674976	9,509077	2020-10-29T19:14:03:749
-0,035892	1,631905	9,525827	2020-10-29T19:14:03:767
-0,016750	1,641476	9,513863	2020-10-29T19:14:03:790
-0,033500	1,557728	9,547362	2020-10-29T19:14:03:807
-0,059821	1,619941	9,487542	2020-10-29T19:14:03:830
0,004786	1,622334	9,566505	2020-10-29T19:14:03:847
-0,011964	1,529014	9,549755	2020-10-29T19:14:03:870
-0,004786	1,596013	9,516255	2020-10-29T19:14:03:889
-0,007178	1,624727	9,528220	2020-10-29T19:14:03:910
-0,007178	1,639083	9,463614	2020-10-29T19:14:03:928
-0,062213	1,591227	9,499505	2020-10-29T19:14:03:950
-0,045464	1,619941	9,456435	2020-10-29T19:14:03:968
-0,045464	1,485943	9,635897	2020-10-29T19:14:03:989
-0,047856	1,514657	9,585647	2020-10-29T19:14:04:007
-0,059821	1,428515	9,540184	2020-10-29T19:14:04:030
-0,090927	1,447658	9,585647	2020-10-29T19:14:04:048
-0,119641	1,399801	9,547362	2020-10-29T19:14:04:071
0,002393	1,560120	9,525827	2020-10-29T19:14:04:089
-0,057428	1,643869	9,561719	2020-10-29T19:14:04:111
-0,035892	1,567299	9,499505	2020-10-29T19:14:04:128
-0,078963	1,569692	9,542577	2020-10-29T19:14:04:150
-0,040678	1,641476	9,580862	2020-10-29T19:14:04:168
-0,083749	1,567299	9,511470	2020-10-29T19:14:04:190
0,026321	1,538585	9,547362	2020-10-29T19:14:04:208
-0,023928	1,459622	9,590433	2020-10-29T19:14:04:230
-0,007178	1,564906	9,600004	2020-10-29T19:14:04:248
-0,026321	1,576870	9,516255	2020-10-29T19:14:04:271
-0,117248	1,505085	9,585647	2020-10-29T19:14:04:288
-0,031107	1,485943	9,568897	2020-10-29T19:14:04:311
-0,007178	1,521835	9,530612	2020-10-29T19:14:04:328
0,002393	1,471586	9,554541	2020-10-29T19:14:04:352
-0,050249	1,495514	9,542577	2020-10-29T19:14:04:368
-0,100499	1,540978	9,516255	2020-10-29T19:14:04:390
0,021535	1,478764	9,516255	2020-10-29T19:14:04:408
0,023928	1,497907	9,518648	2020-10-29T19:14:04:431
-0,004786	1,545763	9,568897	2020-10-29T19:14:04:448
0,031107	1,473979	9,552148	2020-10-29T19:14:04:470
-0,002393	1,502693	9,506684	2020-10-29T19:14:04:488
-0,098106	1,552942	9,473185	2020-10-29T19:14:04:511
-0,083749	1,488336	9,566505	2020-10-29T19:14:04:528
-0,021535	1,450050	9,547362	2020-10-29T19:14:04:552
-0,066999	1,490728	9,528220	2020-10-29T19:14:04:568
-0,007178	1,579263	9,556933	2020-10-29T19:14:04:591
-0,052642	1,531406	9,540184	2020-10-29T19:14:04:608
-0,057428	1,584049	9,554541	2020-10-29T19:14:04:630
-0,050249	1,643869	9,509077	2020-10-29T19:14:04:648
-0,098106	1,557728	9,554541	2020-10-29T19:14:04:671
0,011964	1,509871	9,547362	2020-10-29T19:14:04:688
-0,009571	1,538585	9,518648	2020-10-29T19:14:04:710
0,016750	1,581656	9,566505	2020-10-29T19:14:04:728
-0,004786	1,502693	9,573684	2020-10-29T19:14:04:752
-0,076570	1,576870	9,544970	2020-10-29T19:14:04:769
0,055035	1,471586	9,544970	2020-10-29T19:14:04:793
-0,002393	1,505085	9,583255	2020-10-29T19:14:04:808
-0,035892	1,574477	9,533006	2020-10-29T19:14:04:831
-0,011964	1,550549	9,499505	2020-10-29T19:14:04:848
-0,033500	1,572084	9,521042	2020-10-29T19:14:04:871
-0,023928	1,658226	9,533006	2020-10-29T19:14:04:889
-0,014357	1,612763	9,559326	2020-10-29T19:14:04:911
-0,019143	1,426122	9,513863	2020-10-29T19:14:04:929
-0,004786	1,531406	9,597611	2020-10-29T19:14:04:951
-0,026321	1,512264	9,607183	2020-10-29T19:14:04:968
-0,088534	1,514657	9,516255	2020-10-29T19:14:04:992
-0,035892	1,473979	9,554541	2020-10-29T19:14:05:009
0,028714	1,567299	9,616754	2020-10-29T19:14:05:034
-0,074178	1,572084	9,537791	2020-10-29T19:14:05:049
0,052642	1,452443	9,552148	2020-10-29T19:14:05:072
-0,047856	1,517050	9,573684	2020-10-29T19:14:05:089
-0,023928	1,505085	9,533006	2020-10-29T19:14:05:111
-0,028714	1,579263	9,525827	2020-10-29T19:14:05:130
-0,035892	1,560120	9,518648	2020-10-29T19:14:05:152
-0,035892	1,596013	9,552148	2020-10-29T19:14:05:169
-0,043071	1,512264	9,506684	2020-10-29T19:14:05:191
-0,064606	1,509871	9,561719	2020-10-29T19:14:05:209
-0,031107	1,466800	9,544970	2020-10-29T19:14:05:232
-0,014357	1,526621	9,540184	2020-10-29T19:14:05:249
-0,004786	1,557728	9,523434	2020-10-29T19:14:05:272
-0,093320	1,531406	9,552148	2020-10-29T19:14:05:289
0,007178	1,497907	9,530612	2020-10-29T19:14:05:312
-0,069392	1,550549	9,571291	2020-10-29T19:14:05:329
-0,009571	1,574477	9,535398	2020-10-29T19:14:05:353
-0,031107	1,526621	9,540184	2020-10-29T19:14:05:369
-0,100499	1,524228	9,592826	2020-10-29T19:14:05:392
-0,021535	1,548156	9,525827	2020-10-29T19:14:05:409
-0,014357	1,598405	9,537791	2020-10-29T19:14:05:431
-0,050249	1,588834	9,585647	2020-10-29T19:14:05:449
-0,028714	1,548156	9,578469	2020-10-29T19:14:05:472
-0,055035	1,495514	9,559326	2020-10-29T19:14:05:489
-0,028714	1,560120	9,506684	2020-10-29T19:14:05:512
0,019143	1,651048	9,492328	2020-10-29T19:14:05:529
-0,055035	1,572084	9,485149	2020-10-29T19:14:05:552
-0,090927	1,488336	9,516255	2020-10-29T19:14:05:569
-0,002393	1,540978	9,542577	2020-10-29T19:14:05:591
-0,038285	1,600798	9,513863	2020-10-29T19:14:05:609
-0,105284	1,543371	9,521042	2020-10-29T19:14:05:632
0,033500	1,493121	9,571291	2020-10-29T19:14:05:649
-0,021535	1,557728	9,506684	2020-10-29T19:14:05:672
-0,009571	1,603191	9,504292	2020-10-29T19:14:05:689
-0,052642	1,521835	9,619147	2020-10-29T19:14:05:712
0,026321	1,459622	9,614362	2020-10-29T19:14:05:729
-0,062213	1,512264	9,468399	2020-10-29T19:14:05:753
-0,078963	1,643869	9,463614	2020-10-29T19:14:05:769
-0,138784	1,770689	9,521042	2020-10-29T19:14:05:792
-0,026321	1,667797	9,494720	2020-10-29T19:14:05:809
0,043071	1,624727	9,401401	2020-10-29T19:14:05:832
-0,031107	1,600798	9,576077	2020-10-29T19:14:05:849
-0,052642	1,591227	9,542577	2020-10-29T19:14:05:872
-0,088534	1,555335	9,518648	2020-10-29T19:14:05:889
-0,007178	1,741975	9,466006	2020-10-29T19:14:05:912
-0,052642	1,691726	9,533006	2020-10-29T19:14:05:929
-0,076570	1,643869	9,535398	2020-10-29T19:14:05:953
-0,078963	1,674976	9,516255	2020-10-29T19:14:05:970
0,033500	1,617548	9,525827	2020-10-29T19:14:05:995
0,033500	1,624727	9,544970	2020-10-29T19:14:06:009
-0,019143	1,598405	9,540184	2020-10-29T19:14:06:033
-0,033500	1,607977	9,533006	2020-10-29T19:14:06:050
-0,004786	1,627119	9,501899	2020-10-29T19:14:06:072
-0,100499	1,686940	9,547362	2020-10-29T19:14:06:090
-0,026321	1,665405	9,544970	2020-10-29T19:14:06:113
-0,014357	1,538585	9,533006	2020-10-29T19:14:06:129
-0,026321	1,624727	9,592826	2020-10-29T19:14:06:152
0,052642	1,663012	9,616754	2020-10-29T19:14:06:169
-0,026321	1,607977	9,494720	2020-10-29T19:14:06:193
-0,026321	1,552942	9,518648	2020-10-29T19:14:06:210
-0,014357	1,629512	9,516255	2020-10-29T19:14:06:234
-0,086142	1,679761	9,489935	2020-10-29T19:14:06:249
-0,078963	1,646262	9,537791	2020-10-29T19:14:06:273
-0,078963	1,603191	9,458827	2020-10-29T19:14:06:290
-0,035892	1,584049	9,509077	2020-10-29T19:14:06:312
-0,086142	1,667797	9,547362	2020-10-29T19:14:06:330
-0,086142	1,684547	9,578469	2020-10-29T19:14:06:353
-0,074178	1,615155	9,533006	2020-10-29T19:14:06:370
-0,019143	1,531406	9,489935	2020-10-29T19:14:06:392
-0,074178	1,567299	9,487542	2020-10-29T19:14:06:410
-0,076570	1,643869	9,499505	2020-10-29T19:14:06:433
-0,050249	1,660619	9,604790	2020-10-29T19:14:06:450
-0,124427	1,600798	9,530612	2020-10-29T19:14:06:473
-0,019143	1,648655	9,537791	2020-10-29T19:14:06:489
-0,062213	1,646262	9,561719	2020-10-29T19:14:06:514
-0,040678	1,682154	9,580862	2020-10-29T19:14:06:530
-0,038285	1,555335	9,580862	2020-10-29T19:14:06:552
-0,038285	1,596013	9,509077	2020-10-29T19:14:06:570
-0,050249	1,665405	9,513863	2020-10-29T19:14:06:593
0,007178	1,612763	9,547362	2020-10-29T19:14:06:610
-0,105284	1,569692	9,530612	2020-10-29T19:14:06:632
0,011964	1,639083	9,535398	2020-10-29T19:14:06:650
0,009571	1,643869	9,513863	2020-10-29T19:14:06:673
-0,050249	1,665405	9,525827	2020-10-29T19:14:06:690
-0,028714	1,572084	9,561719	2020-10-29T19:14:06:713
-0,078963	1,660619	9,528220	2020-10-29T19:14:06:730
-0,076570	1,564906	9,528220	2020-10-29T19:14:06:753
-0,086142	1,672583	9,580862	2020-10-29T19:14:06:770
-0,052642	1,698904	9,542577	2020-10-29T19:14:06:792
-0,026321	1,627119	9,506684	2020-10-29T19:14:06:810
-0,014357	1,627119	9,554541	2020-10-29T19:14:06:833
-0,059821	1,564906	9,487542	2020-10-29T19:14:06:850
-0,040678	1,598405	9,540184	2020-10-29T19:14:06:872
-0,031107	1,631905	9,533006	2020-10-29T19:14:06:890
0,023928	1,648655	9,482756	2020-10-29T19:14:06:912
-0,066999	1,641476	9,578469	2020-10-29T19:14:06:930
-0,055035	1,581656	9,537791	2020-10-29T19:14:06:953
-0,035892	1,588834	9,470792	2020-10-29T19:14:06:971
-0,031107	1,622334	9,501899	2020-10-29T19:14:06:992
-0,069392	1,713261	9,487542	2020-10-29T19:14:07:010
-0,119641	1,718047	9,528220	2020-10-29T19:14:07:032
-0,083749	1,629512	9,530612	2020-10-29T19:14:07:051
-0,066999	1,567299	9,487542	2020-10-29T19:14:07:073
-0,033500	1,634298	9,501899	2020-10-29T19:14:07:093
-0,040678	1,718047	9,525827	2020-10-29T19:14:07:115
-0,014357	1,655833	9,528220	2020-10-29T19:14:07:132
0,009571	1,665405	9,499505	2020-10-29T19:14:07:154
-0,100499	1,588834	9,559326	2020-10-29T19:14:07:173
0,014357	1,574477	9,506684	2020-10-29T19:14:07:196
-0,011964	1,710868	9,518648	2020-10-29T19:14:07:211
-0,011964	1,761117	9,456435	2020-10-29T19:14:07:232
-0,047856	1,801795	9,518648	2020-10-29T19:14:07:250
-0,043071	1,639083	9,509077	2020-10-29T19:14:07:273
-0,055035	1,586441	9,571291	2020-10-29T19:14:07:290
-0,059821	1,619941	9,497113	2020-10-29T19:14:07:312
-0,086142	1,663012	9,528220	2020-10-29T19:14:07:331
-0,110070	1,665405	9,509077	2020-10-29T19:14:07:353
-0,062213	1,670190	9,477970	2020-10-29T19:14:07:371
0,019143	1,684547	9,492328	2020-10-29T19:14:07:392
0,040678	1,624727	9,497113	2020-10-29T19:14:07:411
-0,052642	1,686940	9,556933	2020-10-29T19:14:07:434
-0,011964	1,660619	9,485149	2020-10-29T19:14:07:451
-0,019143	1,636691	9,511470	2020-10-29T19:14:07:473
-0,064606	1,631905	9,516255	2020-10-29T19:14:07:490
-0,074178	1,710868	9,535398	2020-10-29T19:14:07:512
-0,050249	1,617548	9,485149	2020-10-29T19:14:07:532
-0,016750	1,686940	9,466006	2020-10-29T19:14:07:553
-0,011964	1,667797	9,516255	2020-10-29T19:14:07:571
0,031107	1,674976	9,535398	2020-10-29T19:14:07:593
-0,047856	1,641476	9,497113	2020-10-29T19:14:07:611
-0,004786	1,655833	9,485149	2020-10-29T19:14:07:633
-0,019143	1,679761	9,501899	2020-10-29T19:14:07:652
-0,011964	1,715654	9,528220	2020-10-29T19:14:07:674
-0,062213	1,679761	9,513863	2020-10-29T19:14:07:691
-0,028714	1,670190	9,552148	2020-10-29T19:14:07:713
0,004786	1,674976	9,480364	2020-10-29T19:14:07:731
-0,045464	1,672583	9,489935	2020-10-29T19:14:07:754
-0,035892	1,773082	9,499505	2020-10-29T19:14:07:771
-0,011964	1,701297	9,585647	2020-10-29T19:14:07:792
0,021535	1,648655	9,473185	2020-10-29T19:14:07:811
-0,043071	1,658226	9,530612	2020-10-29T19:14:07:833
-0,047856	1,720440	9,540184	2020-10-29T19:14:07:851
-0,047856	1,634298	9,521042	2020-10-29T19:14:07:873
-0,052642	1,612763	9,468399	2020-10-29T19:14:07:891
-0,014357	1,744368	9,509077	2020-10-29T19:14:07:914
-0,059821	1,758725	9,621540	2020-10-29T19:14:07:931
-0,047856	1,670190	9,511470	2020-10-29T19:14:07:953
0,019143	1,636691	9,542577	2020-10-29T19:14:07:972
-0,050249	1,741975	9,494720	2020-10-29T19:14:07:993
-0,052642	1,732404	9,530612	2020-10-29T19:14:08:012
-0,038285	1,734797	9,477970	2020-10-29T19:14:08:033
0,038285	1,698904	9,501899	2020-10-29T19:14:08:052
-0,040678	1,658226	9,540184	2020-10-29T19:14:08:075
-0,014357	1,677369	9,470792	2020-10-29T19:14:08:091
-0,035892	1,730011	9,487542	2020-10-29T19:14:08:113
-0,031107	1,782653	9,533006	2020-10-29T19:14:08:132
-0,055035	1,751546	9,475577	2020-10-29T19:14:08:155
-0,014357	1,667797	9,468399	2020-10-29T19:14:08:173
-0,062213	1,722832	9,542577	2020-10-29T19:14:08:193
0,009571	1,730011	9,568897	2020-10-29T19:14:08:212
0,014357	1,665405	9,501899	2020-10-29T19:14:08:233
-0,069392	1,691726	9,590433	2020-10-29T19:14:08:252
-0,055035	1,758725	9,537791	2020-10-29T19:14:08:274
-0,004786	1,672583	9,533006	2020-10-29T19:14:08:292
-0,045464	1,694118	9,497113	2020-10-29T19:14:08:313
-0,078963	1,732404	9,537791	2020-10-29T19:14:08:332
-0,040678	1,619941	9,533006	2020-10-29T19:14:08:354
-0,040678	1,655833	9,497113	2020-10-29T19:14:08:373
-0,066999	1,641476	9,499505	2020-10-29T19:14:08:395
-0,076570	1,713261	9,516255	2020-10-29T19:14:08:412
-0,011964	1,701297	9,468399	2020-10-29T19:14:08:433
-0,119641	1,701297	9,487542	2020-10-29T19:14:08:452
-0,004786	1,816152	9,444471	2020-10-29T19:14:08:474
-0,021535	1,797010	9,492328	2020-10-29T19:14:08:492
-0,095713	1,660619	9,561719	2020-10-29T19:14:08:514
-0,100499	1,631905	9,559326	2020-10-29T19:14:08:532
-0,009571	1,560120	9,468399	2020-10-29T19:14:08:553
-0,031107	1,655833	9,454042	2020-10-29T19:14:08:572
-0,153141	1,744368	9,489935	2020-10-29T19:14:08:594
-0,031107	1,789831	9,528220	2020-10-29T19:14:08:612
-0,011964	1,648655	9,473185	2020-10-29T19:14:08:634
-0,009571	1,670190	9,509077	2020-10-29T19:14:08:652
-0,031107	1,677369	9,537791	2020-10-29T19:14:08:674
-0,055035	1,703690	9,506684	2020-10-29T19:14:08:692
-0,064606	1,749153	9,446864	2020-10-29T19:14:08:714
-0,138784	1,655833	9,482756	2020-10-29T19:14:08:732
-0,050249	1,727618	9,482756	2020-10-29T19:14:08:754
-0,098106	1,651048	9,576077	2020-10-29T19:14:08:773
0,016750	1,672583	9,487542	2020-10-29T19:14:08:794
-0,038285	1,634298	9,504292	2020-10-29T19:14:08:812
-0,011964	1,586441	9,537791	2020-10-29T19:14:08:834
-0,023928	1,682154	9,501899	2020-10-29T19:14:08:853
0,011964	1,627119	9,549755	2020-10-29T19:14:08:875
-0,124427	1,684547	9,540184	2020-10-29T19:14:08:893
-0,083749	1,636691	9,477970	2020-10-29T19:14:08:914
-0,066999	1,722832	9,449257	2020-10-29T19:14:08:932
-0,071785	1,741975	9,509077	2020-10-29T19:14:08:954
-0,040678	1,725225	9,518648	2020-10-29T19:14:08:973
-0,055035	1,610370	9,552148	2020-10-29T19:14:08:994
-0,064606	1,665405	9,506684	2020-10-29T19:14:09:013
-0,050249	1,746760	9,556933	2020-10-29T19:14:09:034
-0,033500	1,770689	9,468399	2020-10-29T19:14:09:052
-0,047856	1,763510	9,511470	2020-10-29T19:14:09:075
-0,028714	1,677369	9,588040	2020-10-29T19:14:09:093
-0,040678	1,600798	9,521042	2020-10-29T19:14:09:116
-0,007178	1,703690	9,511470	2020-10-29T19:14:09:132
-0,105284	1,739582	9,547362	2020-10-29T19:14:09:155
-0,023928	1,734797	9,480364	2020-10-29T19:14:09:173
-0,014357	1,694118	9,444471	2020-10-29T19:14:09:194
-0,031107	1,643869	9,566505	2020-10-29T19:14:09:213
-0,031107	1,550549	9,542577	2020-10-29T19:14:09:234
-0,019143	1,698904	9,549755	2020-10-29T19:14:09:253
-0,107677	1,718047	9,482756	2020-10-29T19:14:09:275
0,026321	1,718047	9,494720	2020-10-29T19:14:09:293
-0,107677	1,689333	9,518648	2020-10-29T19:14:09:314
-0,078963	1,660619	9,499505	2020-10-29T19:14:09:333
-0,004786	1,665405	9,434900	2020-10-29T19:14:09:356
-0,090927	1,660619	9,619147	2020-10-29T19:14:09:374
0,009571	1,636691	9,544970	2020-10-29T19:14:09:395
-0,007178	1,686940	9,499505	2020-10-29T19:14:09:413
-0,019143	1,708475	9,556933	2020-10-29T19:14:09:434
-0,040678	1,672583	9,528220	2020-10-29T19:14:09:452
-0,004786	1,660619	9,461221	2020-10-29T19:14:09:475
-0,064606	1,655833	9,456435	2020-10-29T19:14:09:493
-0,076570	1,694118	9,521042	2020-10-29T19:14:09:515
-0,028714	1,727618	9,511470	2020-10-29T19:14:09:533
-0,011964	1,560120	9,511470	2020-10-29T19:14:09:554
-0,045464	1,588834	9,580862	2020-10-29T19:14:09:573
-0,055035	1,643869	9,501899	2020-10-29T19:14:09:597
-0,078963	1,569692	9,477970	2020-10-29T19:14:09:613
-0,062213	1,698904	9,535398	2020-10-29T19:14:09:634
-0,076570	1,591227	9,552148	2020-10-29T19:14:09:653
-0,028714	1,660619	9,525827	2020-10-29T19:14:09:675
-0,057428	1,519442	9,506684	2020-10-29T19:14:09:693
-0,062213	1,641476	9,597611	2020-10-29T19:14:09:715
-0,023928	1,603191	9,518648	2020-10-29T19:14:09:733
-0,071785	1,598405	9,504292	2020-10-29T19:14:09:755
-0,009571	1,689333	9,561719	2020-10-29T19:14:09:773
-0,047856	1,648655	9,466006	2020-10-29T19:14:09:795
-0,066999	1,682154	9,506684	2020-10-29T19:14:09:813
-0,028714	1,540978	9,590433	2020-10-29T19:14:09:836
-0,035892	1,622334	9,497113	2020-10-29T19:14:09:854
-0,050249	1,598405	9,530612	2020-10-29T19:14:09:875
-0,033500	1,679761	9,494720	2020-10-29T19:14:09:893
-0,066999	1,646262	9,540184	2020-10-29T19:14:09:915
-0,016750	1,579263	9,533006	2020-10-29T19:14:09:933
-0,009571	1,579263	9,525827	2020-10-29T19:14:09:956
-0,043071	1,619941	9,492328	2020-10-29T19:14:09:973
-0,074178	1,617548	9,504292	2020-10-29T19:14:09:995
-0,093320	1,631905	9,537791	2020-10-29T19:14:10:013
-0,081356	1,574477	9,547362	2020-10-29T19:14:10:035
-0,043071	1,612763	9,528220	2020-10-29T19:14:10:053
0,031107	1,593620	9,521042	2020-10-29T19:14:10:077
-0,035892	1,519442	9,489935	2020-10-29T19:14:10:094
-0,064606	1,569692	9,573684	2020-10-29T19:14:10:115
-0,066999	1,579263	9,518648	2020-10-29T19:14:10:133
-0,040678	1,593620	9,511470	2020-10-29T19:14:10:156
-0,019143	1,545763	9,542577	2020-10-29T19:14:10:173
-0,071785	1,600798	9,494720	2020-10-29T19:14:10:195
-0,023928	1,562513	9,509077	2020-10-29T19:14:10:213
-0,057428	1,548156	9,501899	2020-10-29T19:14:10:423
-0,076570	1,529014	9,528220	2020-10-29T19:14:10:424
-0,021535	1,562513	9,568897	2020-10-29T19:14:10:425
-0,038285	1,464408	9,609575	2020-10-29T19:14:10:427
-0,069392	1,526621	9,542577	2020-10-29T19:14:10:429
-0,055035	1,545763	9,523434	2020-10-29T19:14:10:429
-0,047856	1,607977	9,595219	2020-10-29T19:14:10:430
-0,071785	1,607977	9,521042	2020-10-29T19:14:10:431
-0,002393	1,490728	9,497113	2020-10-29T19:14:10:432
-0,028714	1,634298	9,561719	2020-10-29T19:14:10:432
-0,074178	1,564906	9,509077	2020-10-29T19:14:10:435
-0,076570	1,548156	9,609575	2020-10-29T19:14:10:456
-0,040678	1,500300	9,497113	2020-10-29T19:14:10:476
-0,040678	1,552942	9,494720	2020-10-29T19:14:10:492
-0,019143	1,636691	9,580862	2020-10-29T19:14:10:517
-0,028714	1,615155	9,568897	2020-10-29T19:14:10:535
0,009571	1,538585	9,533006	2020-10-29T19:14:10:558
-0,016750	1,517050	9,544970	2020-10-29T19:14:10:574
-0,069392	1,543371	9,571291	2020-10-29T19:14:10:595
-0,040678	1,555335	9,544970	2020-10-29T19:14:10:614
-0,057428	1,612763	9,571291	2020-10-29T19:14:10:636
-0,023928	1,521835	9,542577	2020-10-29T19:14:10:654
-0,014357	1,574477	9,497113	2020-10-29T19:14:10:676
-0,086142	1,545763	9,504292	2020-10-29T19:14:10:694
-0,078963	1,617548	9,549755	2020-10-29T19:14:10:716
-0,031107	1,555335	9,516255	2020-10-29T19:14:10:733
-0,064606	1,521835	9,518648	2020-10-29T19:14:10:756
-0,004786	1,548156	9,552148	2020-10-29T19:14:10:786
-0,028714	1,629512	9,513863	2020-10-29T19:14:10:799
-0,095713	1,545763	9,621540	2020-10-29T19:14:10:826
0,016750	1,557728	9,547362	2020-10-29T19:14:10:844
-0,023928	1,517050	9,509077	2020-10-29T19:14:10:857
-0,083749	1,572084	9,552148	2020-10-29T19:14:10:877
-0,069392	1,543371	9,544970	2020-10-29T19:14:10:899
-0,023928	1,617548	9,533006	2020-10-29T19:14:11:022
0,009571	1,569692	9,597611	2020-10-29T19:14:11:038
-0,059821	1,550549	9,516255	2020-10-29T19:14:11:054
-0,040678	1,502693	9,549755	2020-10-29T19:14:11:078
-0,057428	1,526621	9,487542	2020-10-29T19:14:11:094
-0,014357	1,552942	9,559326	2020-10-29T19:14:11:116
-0,023928	1,560120	9,506684	2020-10-29T19:14:11:134
-0,064606	1,607977	9,554541	2020-10-29T19:14:11:156
-0,081356	1,476372	9,511470	2020-10-29T19:14:11:176
-0,011964	1,392623	9,552148	2020-10-29T19:14:11:196
-0,043071	1,555335	9,492328	2020-10-29T19:14:11:216
-0,045464	1,598405	9,537791	2020-10-29T19:14:11:240
-0,040678	1,605584	9,559326	2020-10-29T19:14:11:257
-0,062213	1,574477	9,516255	2020-10-29T19:14:11:283
-0,122034	1,036092	9,576077	2020-10-29T19:14:31:219
-0,066999	1,057628	9,616754	2020-10-29T19:14:31:220
-0,098106	1,040878	9,604790	2020-10-29T19:14:31:221
-0,055035	0,993021	9,561719	2020-10-29T19:14:31:222
-0,110070	1,136591	9,616754	2020-10-29T19:14:31:222
-0,119641	1,115055	9,561719	2020-10-29T19:14:31:263
-0,114855	1,093520	9,652647	2020-10-29T19:14:31:263
-0,031107	0,966700	9,566505	2020-10-29T19:14:31:264
-0,066999	1,026521	9,585647	2020-10-29T19:14:31:265
-0,133998	1,119841	9,604790	2020-10-29T19:14:31:350
-0,052642	1,057628	9,623933	2020-10-29T19:14:31:350
-0,155533	1,040878	9,619147	2020-10-29T19:14:31:351
-0,055035	1,012164	9,628718	2020-10-29T19:14:31:351
-0,107677	0,995414	9,640682	2020-10-29T19:14:31:352
-0,074178	1,076770	9,621540	2020-10-29T19:14:31:352
-0,069392	1,110270	9,585647	2020-10-29T19:14:31:352
-0,138784	1,050449	9,619147	2020-10-29T19:14:31:369
-0,069392	1,000200	9,619147	2020-10-29T19:14:31:387
-0,088534	1,026521	9,626326	2020-10-29T19:14:31:410
-0,093320	1,040878	9,623933	2020-10-29T19:14:31:428
-0,155533	1,052842	9,676575	2020-10-29T19:14:31:451
-0,102891	1,024128	9,607183	2020-10-29T19:14:31:469
-0,066999	0,971486	9,578469	2020-10-29T19:14:31:492
-0,112463	1,024128	9,556933	2020-10-29T19:14:31:509
-0,081356	1,093520	9,647861	2020-10-29T19:14:31:531
-0,086142	1,079163	9,635897	2020-10-29T19:14:31:560
-0,090927	1,009771	9,580862	2020-10-29T19:14:31:580
-0,081356	1,071985	9,559326	2020-10-29T19:14:31:591
-0,100499	1,127020	9,611969	2020-10-29T19:14:31:613
-0,124427	1,119841	9,621540	2020-10-29T19:14:31:630
-0,141177	1,119841	9,614362	2020-10-29T19:14:31:675
-0,033500	1,043271	9,611969	2020-10-29T19:14:31:677
-0,045464	1,060020	9,583255	2020-10-29T19:14:31:697
-0,090927	1,043271	9,623933	2020-10-29T19:14:31:709
-0,040678	1,110270	9,633504	2020-10-29T19:14:31:731
-0,117248	1,148555	9,631111	2020-10-29T19:14:31:749
-0,122034	1,079163	9,571291	2020-10-29T19:14:31:771
-0,038285	1,057628	9,595219	2020-10-29T19:14:31:789
-0,102891	1,170090	9,631111	2020-10-29T19:14:31:811
-0,145962	1,153341	9,635897	2020-10-29T19:14:31:829
-0,100499	1,095913	9,638289	2020-10-29T19:14:31:851
-0,086142	1,076770	9,597611	2020-10-29T19:14:31:870
-0,102891	1,127020	9,590433	2020-10-29T19:14:31:898
-0,035892	1,146162	9,588040	2020-10-29T19:14:31:910
-0,141177	1,241875	9,547362	2020-10-29T19:14:31:932
-0,143569	1,165305	9,611969	2020-10-29T19:14:31:949
-0,124427	1,172483	9,621540	2020-10-29T19:14:31:972
-0,107677	1,117448	9,566505	2020-10-29T19:14:31:989
-0,038285	1,170090	9,568897	2020-10-29T19:14:32:011
-0,083749	1,143769	9,592826	2020-10-29T19:14:32:029
-0,011964	1,182054	9,580862	2020-10-29T19:14:32:052
-0,136391	1,196411	9,580862	2020-10-29T19:14:32:070
-0,102891	1,162912	9,583255	2020-10-29T19:14:32:091
-0,074178	1,237089	9,614362	2020-10-29T19:14:32:109
-0,071785	1,237089	9,552148	2020-10-29T19:14:32:132
-0,126820	1,131805	9,607183	2020-10-29T19:14:32:149
-0,122034	1,158126	9,592826	2020-10-29T19:14:32:171
-0,114855	1,071985	9,585647	2020-10-29T19:14:32:189
-0,093320	1,129412	9,595219	2020-10-29T19:14:32:213
-0,167498	1,225125	9,609575	2020-10-29T19:14:32:242
-0,093320	1,143769	9,611969	2020-10-29T19:15:01:315
-0,086142	1,131805	9,583255	2020-10-29T19:15:01:316
-0,129212	1,081556	9,647861	2020-10-29T19:15:01:316
-0,100499	1,122234	9,595219	2020-10-29T19:15:01:317
-0,143569	1,081556	9,621540	2020-10-29T19:15:01:319
-0,071785	1,138984	9,628718	2020-10-29T19:15:01:322
-0,019143	1,064806	9,595219	2020-10-29T19:15:01:354
-0,141177	1,050449	9,647861	2020-10-29T19:15:01:355
-0,057428	1,107877	9,631111	2020-10-29T19:15:01:360
-0,138784	1,112662	9,621540	2020-10-29T19:15:01:360
-0,100499	1,110270	9,592826	2020-10-29T19:15:01:361
-0,076570	1,050449	9,588040	2020-10-29T19:15:01:369
-0,122034	1,060020	9,633504	2020-10-29T19:15:01:370
-0,071785	1,088734	9,652647	2020-10-29T19:15:01:370
-0,143569	1,050449	9,604790	2020-10-29T19:15:01:381
-0,090927	1,050449	9,638289	2020-10-29T19:15:01:399
-0,009571	1,103091	9,638289	2020-10-29T19:15:01:412
-0,136391	1,093520	9,638289	2020-10-29T19:15:01:431
-0,133998	1,076770	9,686146	2020-10-29T19:15:01:454
-0,095713	1,103091	9,609575	2020-10-29T19:15:01:472
-0,136391	1,036092	9,597611	2020-10-29T19:15:01:495
-0,088534	1,016950	9,676575	2020-10-29T19:15:01:513
-0,064606	1,052842	9,631111	2020-10-29T19:15:01:536
-0,057428	0,973879	9,621540	2020-10-29T19:15:01:554
-0,078963	1,057628	9,578469	2020-10-29T19:15:01:574
-0,107677	1,040878	9,616754	2020-10-29T19:15:01:593
-0,066999	1,091127	9,628718	2020-10-29T19:15:01:616
-0,069392	0,969093	9,611969	2020-10-29T19:15:01:633
-0,095713	0,983450	9,667004	2020-10-29T19:15:01:654
-0,057428	0,976272	9,616754	2020-10-29T19:15:01:673
-0,064606	1,033699	9,590433	2020-10-29T19:15:01:696
-0,098106	1,074377	9,633504	2020-10-29T19:15:01:727
0,220140	1,718047	9,315259	2020-10-29T19:17:03:241
-0,155533	1,921437	9,513863	2020-10-29T19:17:03:281
-0,040678	1,770689	9,772287	2020-10-29T19:17:03:314
-0,198604	1,301696	9,566505	2020-10-29T19:17:03:317
0,102891	1,799403	9,418150	2020-10-29T19:17:03:318
0,169890	1,524228	9,434900	2020-10-29T19:17:03:320
0,002393	1,485943	9,482756	2020-10-29T19:17:03:322
0,191426	1,229911	9,559326	2020-10-29T19:17:03:746
0,464208	1,627119	9,657433	2020-10-29T19:17:03:747
0,327817	1,507478	9,600004	2020-10-29T19:17:03:749
0,516850	1,698904	9,415757	2020-10-29T19:17:03:750
0,399601	1,481157	9,506684	2020-10-29T19:17:03:754
0,660419	1,538585	9,623933	2020-10-29T19:17:03:755
0,619741	1,332802	9,396614	2020-10-29T19:17:03:756
0,442672	1,727618	9,506684	2020-10-29T19:17:03:757
0,650848	1,969293	10,351351	2020-10-29T19:17:03:758
0,208176	1,818545	9,463614	2020-10-29T19:17:03:760
0,035892	0,830309	9,365508	2020-10-29T19:17:03:760
-0,129212	1,488336	9,477970	2020-10-29T19:17:03:761
-0,141177	1,722832	9,470792	2020-10-29T19:17:03:762
0,059821	1,478764	9,566505	2020-10-29T19:17:03:762
-0,002393	1,753939	9,530612	2020-10-29T19:17:03:763
-0,122034	1,416551	9,533006	2020-10-29T19:17:03:763
-0,284746	1,490728	9,516255	2020-10-29T19:17:03:764
-0,138784	1,270589	9,604790	2020-10-29T19:17:03:764
-0,260818	1,217947	9,604790	2020-10-29T19:17:03:765
-0,009571	1,483550	9,497113	2020-10-29T19:17:03:835
0,165105	1,316052	9,638289	2020-10-29T19:17:03:836
-0,205783	1,385444	9,592826	2020-10-29T19:17:03:836
0,038285	1,392623	9,554541	2020-10-29T19:17:03:837
0,074178	1,435694	9,621540	2020-10-29T19:17:03:837
-0,227318	1,227518	9,552148	2020-10-29T19:17:03:844
-0,165105	0,882952	9,698111	2020-10-29T19:17:03:844
-0,031107	1,179662	9,662218	2020-10-29T19:17:03:845
-0,167498	1,289732	9,588040	2020-10-29T19:17:03:845
0,229711	1,258625	9,681360	2020-10-29T19:17:03:858
0,411566	1,737189	9,633504	2020-10-29T19:17:03:864
0,045464	1,859223	9,394222	2020-10-29T19:17:03:864
-0,263210	1,940579	9,506684	2020-10-29T19:17:03:865
0,043071	1,167697	9,827322	2020-10-29T19:17:03:887
0,591027	0,612563	9,805787	2020-10-29T19:17:03:904
1,373480	-1,024128	8,578269	2020-10-29T19:17:03:935
-0,473779	1,847259	9,480364	2020-10-29T19:17:03:981
-0,119641	1,849652	9,489935	2020-10-29T19:17:03:996
0,043071	1,842474	9,466006	2020-10-29T19:17:03:997
0,031107	1,296910	9,631111	2020-10-29T19:17:04:009
-0,047856	1,129412	9,700503	2020-10-29T19:17:04:025
-1,167697	0,579063	9,576077	2020-10-29T19:17:04:047
0,100499	1,275374	9,647861	2020-10-29T19:17:04:064
0,665205	1,009771	9,533006	2020-10-29T19:17:04:090
0,342174	1,031307	9,595219	2020-10-29T19:17:04:108
0,636491	1,780260	9,614362	2020-10-29T19:17:04:127
0,186640	1,739582	9,576077	2020-10-29T19:17:04:144
0,155533	1,998007	9,317651	2020-10-29T19:17:04:168
0,256032	2,055435	9,291330	2020-10-29T19:17:04:185
-0,095713	1,430908	9,439686	2020-10-29T19:17:04:209
0,052642	1,165305	9,468399	2020-10-29T19:17:04:227
0,887737	0,784846	9,535398	2020-10-29T19:17:04:251
-0,397209	1,835295	9,595219	2020-10-29T19:17:04:266
-0,179462	0,540778	10,365707	2020-10-29T19:17:04:293
0,983450	1,926222	9,659825	2020-10-29T19:17:04:306
1,071985	2,196611	9,169296	2020-10-29T19:17:04:362
0,078963	2,878566	9,131011	2020-10-29T19:17:04:363
0,679562	1,605584	9,810574	2020-10-29T19:17:04:401
0,567099	0,827917	9,377472	2020-10-29T19:17:04:403
0,894916	-0,153141	9,494720	2020-10-29T19:17:04:409
1,162912	1,189233	9,399008	2020-10-29T19:17:04:436
0,914058	0,782453	10,296316	2020-10-29T19:17:04:448
0,973879	2,215754	9,183653	2020-10-29T19:17:04:465
0,942772	1,593620	9,497113	2020-10-29T19:17:04:488
0,813560	1,686940	9,250652	2020-10-29T19:17:04:505
0,765703	1,813759	9,638289	2020-10-29T19:17:04:528
0,674776	1,117448	9,530612	2020-10-29T19:17:04:549
1,165305	0,739382	10,384850	2020-10-29T19:17:04:570
1,380659	1,339981	9,276974	2020-10-29T19:17:04:589
1,622334	1,146162	9,195618	2020-10-29T19:17:04:612
1,854438	1,749153	9,497113	2020-10-29T19:17:04:630
1,335195	1,069592	9,753145	2020-10-29T19:17:04:659
0,997807	0,861416	9,700503	2020-10-29T19:17:04:685
0,691526	0,899701	9,566505	2020-10-29T19:17:04:698
0,624527	0,543171	9,588040	2020-10-29T19:17:04:709
-0,361316	1,471586	9,686146	2020-10-29T19:17:04:736
0,701097	1,586441	9,760324	2020-10-29T19:17:04:744
0,983450	1,189233	9,513863	2020-10-29T19:17:04:768
0,803988	1,263410	9,645468	2020-10-29T19:17:04:785
0,875773	1,194018	9,566505	2020-10-29T19:17:04:811
0,550349	1,007378	9,449257	2020-10-29T19:17:04:829
0,636491	1,131805	9,480364	2020-10-29T19:17:04:849
0,653241	1,112662	9,513863	2020-10-29T19:17:04:866
0,653241	1,253839	9,595219	2020-10-29T19:17:04:890
0,727418	1,308874	9,698111	2020-10-29T19:17:04:908
0,708275	1,540978	9,607183	2020-10-29T19:17:04:930
0,806381	2,440679	9,131011	2020-10-29T19:17:04:951
0,461815	0,435494	9,719646	2020-10-29T19:17:04:971
0,500100	1,249053	9,571291	2020-10-29T19:17:05:007
0,760918	1,325624	9,477970	2020-10-29T19:17:05:014
0,464208	1,840081	9,698111	2020-10-29T19:17:05:042
0,540778	1,866402	9,466006	2020-10-29T19:17:05:055
0,267996	0,952343	9,571291	2020-10-29T19:17:05:067
0,337388	1,452443	9,499505	2020-10-29T19:17:05:090
0,136391	1,201197	9,702895	2020-10-29T19:17:05:106
0,098106	0,894916	9,588040	2020-10-29T19:17:05:129
0,557528	0,993021	9,379865	2020-10-29T19:17:05:146
0,940379	0,457029	9,643075	2020-10-29T19:17:05:187
1,143769	1,079163	9,710074	2020-10-29T19:17:05:188
1,186840	1,179662	9,949356	2020-10-29T19:17:05:252
0,959522	0,988236	9,791430	2020-10-29T19:17:05:252
0,646062	1,715654	9,451650	2020-10-29T19:17:05:469
0,507278	2,134398	9,540184	2020-10-29T19:17:05:470
0,236889	0,827917	9,588040	2020-10-29T19:17:05:471
1,493121	0,514457	8,748159	2020-10-29T19:17:05:472
0,691526	1,316052	9,688539	2020-10-29T19:17:05:473
0,502493	0,961915	9,671788	2020-10-29T19:17:05:473
0,574277	1,179662	9,600004	2020-10-29T19:17:05:474
0,447458	1,373480	9,580862	2020-10-29T19:17:05:475
0,346959	1,272982	9,494720	2020-10-29T19:17:05:475
0,236889	1,471586	9,504292	2020-10-29T19:17:05:483
1,421337	4,295116	8,772088	2020-10-29T19:17:05:487
-0,009571	0,729811	9,798609	2020-10-29T19:17:05:488
-0,497707	0,638884	9,619147	2020-10-29T19:17:05:511
0,390030	1,115055	9,494720	2020-10-29T19:17:05:512
0,461815	1,426122	9,480364	2020-10-29T19:17:05:543
0,294317	1,502693	9,621540	2020-10-29T19:17:05:548
0,413958	1,366302	9,559326	2020-10-29T19:17:05:585
0,236889	1,074377	9,456435	2020-10-29T19:17:05:587
0,165105	1,488336	9,552148	2020-10-29T19:17:05:634
0,246461	1,698904	9,528220	2020-10-29T19:17:05:636
0,098106	1,636691	9,446864	2020-10-29T19:17:05:663
0,071785	1,402194	9,468399	2020-10-29T19:17:05:678
0,296710	1,531406	9,585647	2020-10-29T19:17:05:693
0,253639	1,600798	9,571291	2020-10-29T19:17:05:722
0,277567	1,119841	9,463614	2020-10-29T19:17:05:728
0,212961	0,880559	9,521042	2020-10-29T19:17:05:753
0,366102	1,684547	9,573684	2020-10-29T19:17:05:770
0,401994	2,266003	9,501899	2020-10-29T19:17:05:786
0,184247	2,280360	9,530612	2020-10-29T19:17:05:822
-0,198604	1,895115	9,322437	2020-10-29T19:17:05:830
-0,086142	1,612763	9,384650	2020-10-29T19:17:05:850
-0,009571	1,653440	9,695717	2020-10-29T19:17:05:866
-0,045464	1,282553	9,611969	2020-10-29T19:17:05:888
0,378066	1,660619	9,475577	2020-10-29T19:17:05:906
0,334995	1,890330	9,578469	2020-10-29T19:17:05:931
0,263210	1,859223	9,537791	2020-10-29T19:17:05:946
0,114855	1,605584	9,442079	2020-10-29T19:17:05:970
0,181855	1,526621	9,430114	2020-10-29T19:17:05:986
0,303888	1,952543	9,542577	2020-10-29T19:17:06:014
0,105284	1,483550	9,564112	2020-10-29T19:17:06:028
0,150748	1,533799	9,487542	2020-10-29T19:17:06:058
0,212961	1,648655	9,542577	2020-10-29T19:17:06:074
0,263210	1,361516	9,576077	2020-10-29T19:17:06:089
0,215354	1,447658	9,595219	2020-10-29T19:17:06:106
0,351745	1,698904	9,590433	2020-10-29T19:17:06:140
0,294317	1,586441	9,631111	2020-10-29T19:17:06:147
0,174676	1,086342	9,521042	2020-10-29T19:17:06:169
0,076570	1,036092	9,384650	2020-10-29T19:17:06:189
0,145962	1,873580	9,540184	2020-10-29T19:17:06:208
0,153141	1,732404	9,487542	2020-10-29T19:17:06:226
-0,002393	1,404587	9,470792	2020-10-29T19:17:06:250
-0,129212	1,287339	9,619147	2020-10-29T19:17:06:267
0,098106	1,536192	9,633504	2020-10-29T19:17:06:288
0,078963	1,646262	9,430114	2020-10-29T19:17:06:306
0,452243	2,072184	9,513863	2020-10-29T19:17:06:330
0,229711	1,658226	9,382257	2020-10-29T19:17:06:346
-0,004786	1,665405	9,348758	2020-10-29T19:17:06:369
0,038285	2,029114	9,494720	2020-10-29T19:17:06:386
0,064606	1,933401	9,559326	2020-10-29T19:17:06:410
0,224925	2,371287	9,480364	2020-10-29T19:17:06:426
0,296710	2,565106	9,468399	2020-10-29T19:17:06:449
0,287139	1,832902	9,533006	2020-10-29T19:17:06:467
0,177069	1,213161	9,535398	2020-10-29T19:17:06:490
0,246461	1,514657	9,561719	2020-10-29T19:17:06:506
0,260818	1,406980	9,556933	2020-10-29T19:17:06:529
0,129212	1,414158	9,513863	2020-10-29T19:17:06:546
0,114855	1,909473	9,485149	2020-10-29T19:17:06:570
0,160319	1,962115	9,544970	2020-10-29T19:17:06:587
0,107677	2,163112	9,597611	2020-10-29T19:17:06:609
-0,351745	2,084148	9,456435	2020-10-29T19:17:06:627
0,083749	1,799403	9,865608	2020-10-29T19:17:06:650
0,035892	0,923629	9,678967	2020-10-29T19:17:06:667
0,476172	1,244268	9,504292	2020-10-29T19:17:06:689
0,076570	1,799403	9,269794	2020-10-29T19:17:06:707
-0,169890	1,540978	9,475577	2020-10-29T19:17:06:732
0,148355	1,471586	9,614362	2020-10-29T19:17:06:746
0,150748	1,698904	9,571291	2020-10-29T19:17:06:770
0,122034	1,741975	9,418150	2020-10-29T19:17:06:787
0,203390	1,741975	9,454042	2020-10-29T19:17:06:810
0,100499	1,636691	9,580862	2020-10-29T19:17:06:827
0,019143	1,569692	9,477970	2020-10-29T19:17:06:849
0,095713	1,612763	9,549755	2020-10-29T19:17:06:867
0,105284	1,612763	9,480364	2020-10-29T19:17:06:890
0,153141	1,646262	9,523434	2020-10-29T19:17:06:907
0,114855	1,674976	9,556933	2020-10-29T19:17:06:929
0,114855	1,684547	9,544970	2020-10-29T19:17:06:947
0,110070	1,615155	9,422935	2020-10-29T19:17:06:972
0,107677	1,679761	9,504292	2020-10-29T19:17:06:987
0,186640	1,703690	9,600004	2020-10-29T19:17:07:010
0,279960	1,691726	9,544970	2020-10-29T19:17:07:027
0,148355	1,660619	9,432507	2020-10-29T19:17:07:050
0,145962	1,679761	9,497113	2020-10-29T19:17:07:067
0,100499	1,466800	9,394222	2020-10-29T19:17:07:089
0,478565	1,330409	9,269794	2020-10-29T19:17:07:107
-0,047856	3,065206	9,533006	2020-10-29T19:17:07:131
0,433101	1,981257	9,738789	2020-10-29T19:17:07:147
0,368495	1,710868	9,501899	2020-10-29T19:17:07:171
-0,399601	1,964507	9,480364	2020-10-29T19:17:07:188
0,205783	1,067199	9,260223	2020-10-29T19:17:07:212
0,399601	1,471586	9,489935	2020-10-29T19:17:07:231
-0,057428	2,081756	9,564112	2020-10-29T19:17:07:270
0,169890	1,811367	9,477970	2020-10-29T19:17:07:328
0,200997	1,524228	9,454042	2020-10-29T19:17:07:369
0,107677	1,663012	9,499505	2020-10-29T19:17:07:370
0,093320	1,919044	9,504292	2020-10-29T19:17:07:370
0,126820	1,730011	9,501899	2020-10-29T19:17:07:371
0,155533	1,639083	9,449257	2020-10-29T19:17:07:372
0,160319	1,737189	9,513863	2020-10-29T19:17:07:388
0,191426	1,761117	9,556933	2020-10-29T19:17:07:411
0,090927	1,593620	9,547362	2020-10-29T19:17:07:428
0,172283	1,641476	9,468399	2020-10-29T19:17:07:453
0,162712	1,653440	9,521042	2020-10-29T19:17:07:469
0,105284	1,686940	9,530612	2020-10-29T19:17:07:489
0,186640	1,708475	9,470792	2020-10-29T19:17:07:507
0,155533	1,653440	9,504292	2020-10-29T19:17:07:532
0,119641	1,730011	9,547362	2020-10-29T19:17:07:548
0,143569	1,677369	9,497113	2020-10-29T19:17:07:570
0,162712	1,674976	9,489935	2020-10-29T19:17:07:607
0,124427	1,708475	9,509077	2020-10-29T19:17:07:617
0,141177	1,636691	9,475577	2020-10-29T19:17:07:637
0,131605	1,665405	9,506684	2020-10-29T19:17:07:650
0,102891	1,655833	9,509077	2020-10-29T19:17:07:670
0,066999	1,648655	9,535398	2020-10-29T19:17:07:692
0,157926	1,694118	9,501899	2020-10-29T19:17:07:708
0,074178	1,698904	9,547362	2020-10-29T19:17:07:730
0,179462	1,741975	9,547362	2020-10-29T19:17:07:750
0,138784	1,651048	9,573684	2020-10-29T19:17:07:772
0,200997	1,665405	9,518648	2020-10-29T19:17:07:789
0,088534	1,682154	9,552148	2020-10-29T19:17:07:811
0,105284	1,689333	9,442079	2020-10-29T19:17:07:830
0,117248	1,789831	9,427721	2020-10-29T19:17:07:853
0,112463	1,835295	9,492328	2020-10-29T19:17:07:871
0,124427	1,904687	9,516255	2020-10-29T19:17:07:891
0,117248	1,706082	9,509077	2020-10-29T19:17:07:911
0,198604	1,509871	9,485149	2020-10-29T19:17:07:936
0,270389	1,473979	9,650253	2020-10-29T19:17:07:951
0,050249	1,497907	9,580862	2020-10-29T19:17:07:971
0,078963	1,679761	9,544970	2020-10-29T19:17:07:991
0,186640	1,732404	9,516255	2020-10-29T19:17:08:012
0,145962	1,804188	9,506684	2020-10-29T19:17:08:031
0,074178	1,730011	9,501899	2020-10-29T19:17:08:051
0,131605	1,696511	9,434900	2020-10-29T19:17:08:071
0,122034	1,765903	9,456435	2020-10-29T19:17:08:092
0,193819	1,679761	9,497113	2020-10-29T19:17:08:110
0,157926	1,663012	9,425328	2020-10-29T19:17:08:132
0,119641	1,789831	9,494720	2020-10-29T19:17:08:150
0,169890	1,718047	9,494720	2020-10-29T19:17:08:174
0,136391	1,706082	9,327222	2020-10-29T19:17:08:191
0,136391	1,792224	9,339187	2020-10-29T19:17:08:212
0,110070	1,820938	9,523434	2020-10-29T19:17:08:230
0,117248	1,667797	9,556933	2020-10-29T19:17:08:252
0,153141	1,476372	9,391829	2020-10-29T19:17:08:270
0,107677	1,627119	9,480364	2020-10-29T19:17:08:292
0,064606	1,677369	9,597611	2020-10-29T19:17:08:310
0,011964	1,581656	9,576077	2020-10-29T19:17:08:332
0,145962	1,579263	9,446864	2020-10-29T19:17:08:350
0,145962	1,732404	9,521042	2020-10-29T19:17:08:372
0,126820	1,622334	9,530612	2020-10-29T19:17:08:391
0,145962	1,734797	9,468399	2020-10-29T19:17:08:414
0,035892	1,304088	9,308081	2020-10-29T19:17:08:431
0,117248	1,959722	9,379865	2020-10-29T19:17:08:454
0,143569	2,074577	9,559326	2020-10-29T19:17:08:469
0,227318	2,057827	9,631111	2020-10-29T19:17:08:492
0,217747	1,911865	9,449257	2020-10-29T19:17:08:509
0,179462	1,677369	9,365508	2020-10-29T19:17:08:531
0,026321	1,600798	9,504292	2020-10-29T19:17:08:549
0,074178	1,100698	9,346365	2020-10-29T19:17:08:572
0,141177	1,974079	9,533006	2020-10-29T19:17:08:589
0,043071	2,139183	9,590433	2020-10-29T19:17:08:615
0,064606	2,419144	14,218152	2020-10-29T19:17:08:655
0,437887	1,643869	9,978070	2020-10-29T19:17:08:656
0,107677	1,823331	9,406186	2020-10-29T19:17:08:670
0,038285	1,785046	9,449257	2020-10-29T19:17:08:691
0,208176	1,631905	9,535398	2020-10-29T19:17:08:712
0,150748	1,684547	9,439686	2020-10-29T19:17:08:732
0,064606	1,880759	9,475577	2020-10-29T19:17:08:749
0,143569	1,706082	9,506684	2020-10-29T19:17:08:771
0,064606	1,607977	9,449257	2020-10-29T19:17:08:789
0,100499	1,718047	9,477970	2020-10-29T19:17:08:811
0,150748	1,706082	9,475577	2020-10-29T19:17:08:829
0,114855	1,785046	9,473185	2020-10-29T19:17:08:853
0,138784	1,789831	9,466006	2020-10-29T19:17:08:872
0,083749	1,715654	9,494720	2020-10-29T19:17:08:893
0,066999	1,674976	9,506684	2020-10-29T19:17:08:912
0,141177	1,706082	9,480364	2020-10-29T19:17:08:933
0,105284	1,734797	9,446864	2020-10-29T19:17:08:952
0,062213	1,811367	9,449257	2020-10-29T19:17:08:973
0,133998	1,797010	9,489935	2020-10-29T19:17:08:990
0,155533	1,837688	9,492328	2020-10-29T19:17:09:012
0,069392	1,672583	9,552148	2020-10-29T19:17:09:031
-0,033500	1,655833	9,652647	2020-10-29T19:17:09:053
-0,086142	1,536192	9,748360	2020-10-29T19:17:09:072
-0,181855	1,387837	9,781858	2020-10-29T19:17:09:092
-0,093320	1,368695	9,808180	2020-10-29T19:17:09:111
0,002393	1,529014	9,848858	2020-10-29T19:17:09:135
0,076570	1,746760	9,370294	2020-10-29T19:17:09:152
0,375673	2,313859	9,260223	2020-10-29T19:17:09:172
0,792024	2,117648	9,157332	2020-10-29T19:17:09:191
0,691526	1,935793	9,370294	2020-10-29T19:17:09:213
0,538385	2,081756	8,516055	2020-10-29T19:17:09:231
0,906880	2,708675	8,975478	2020-10-29T19:17:09:252
0,629312	3,220739	9,032906	2020-10-29T19:17:09:272
0,198604	2,792424	9,056834	2020-10-29T19:17:09:294
0,229711	2,390430	9,286544	2020-10-29T19:17:09:311
0,306281	2,045863	9,552148	2020-10-29T19:17:09:333
0,267996	1,976472	9,568897	2020-10-29T19:17:09:351
0,203390	2,029114	9,367901	2020-10-29T19:17:09:376
0,239282	2,038685	9,343972	2020-10-29T19:17:09:391
0,200997	2,100898	9,351151	2020-10-29T19:17:09:413
0,090927	2,210968	9,513863	2020-10-29T19:17:09:432
-0,014357	2,210968	9,559326	2020-10-29T19:17:09:455
0,038285	2,029114	9,463614	2020-10-29T19:17:09:472
0,126820	1,966900	9,477970	2020-10-29T19:17:09:493
0,186640	2,038685	9,430114	2020-10-29T19:17:09:511
0,217747	2,199004	9,343972	2020-10-29T19:17:09:535
0,181855	2,318645	9,322437	2020-10-29T19:17:09:551
0,241675	2,273181	9,375079	2020-10-29T19:17:09:574
0,296710	2,361716	9,430114	2020-10-29T19:17:09:591
0,339781	2,421536	9,265009	2020-10-29T19:17:09:614
0,327817	2,423929	9,276974	2020-10-29T19:17:09:631
0,169890	2,407180	9,403792	2020-10-29T19:17:09:652
0,117248	2,122434	9,434900	2020-10-29T19:17:09:671
0,157926	2,129612	9,446864	2020-10-29T19:17:09:694
0,315853	2,184647	9,296116	2020-10-29T19:17:09:711
0,224925	2,210968	9,399008	2020-10-29T19:17:09:734
0,205783	2,258825	9,477970	2020-10-29T19:17:09:754
0,086142	2,880959	8,721838	2020-10-29T19:17:09:775
0,354138	2,627320	9,745967	2020-10-29T19:17:09:794
-0,260818	2,431108	10,456635	2020-10-29T19:17:09:812
0,437887	1,864009	9,832108	2020-10-29T19:17:09:831
0,038285	2,349752	9,353544	2020-10-29T19:17:09:855
0,394816	0,205783	9,013763	2020-10-29T19:17:09:875
0,284746	2,390430	8,800802	2020-10-29T19:17:09:894
0,339781	3,529413	9,267403	2020-10-29T19:17:09:912
-0,169890	3,160919	9,564112	2020-10-29T19:17:09:934
0,189033	1,648655	9,305687	2020-10-29T19:17:09:952
