v1	v2	v3	v4	ts
1000,835327	103,875717	24,889999	1000,755859	2020-11-19T14:31:12:669
1000,827576	103,939125	24,889999	1000,757568	2020-11-19T14:31:12:817
1000,821472	103,991974	24,889999	1000,766357	2020-11-19T14:31:13:058
1000,816772	104,031609	24,900000	1000,774414	2020-11-19T14:31:13:299
1000,815063	104,044823	24,900000	1000,800049	2020-11-19T14:31:13:538
1000,810791	104,081810	24,900000	1000,772461	2020-11-19T14:31:13:779
1000,807007	104,113518	24,900000	1000,773193	2020-11-19T14:31:14:055
1000,801453	104,158440	24,910000	1000,751953	2020-11-19T14:31:14:262
1000,796021	104,206001	24,910000	1000,746826	2020-11-19T14:31:14:517
1000,790283	104,253555	24,920000	1000,739014	2020-11-19T14:31:14:743
1000,784119	104,306404	24,910000	1000,728516	2020-11-19T14:31:14:982
1000,781799	104,324898	24,930000	1000,760742	2020-11-19T14:31:15:223
1000,779358	104,346039	24,920000	1000,757080	2020-11-19T14:31:15:463
1000,778320	104,353966	24,930000	1000,768555	2020-11-19T14:31:15:703
1000,776794	104,367180	24,930000	1000,763428	2020-11-19T14:31:15:943
1000,775146	104,380386	24,939999	1000,760498	2020-11-19T14:31:16:184
1000,775879	104,375107	24,930000	1000,782471	2020-11-19T14:31:16:426
1000,774231	104,388313	24,939999	1000,759766	2020-11-19T14:31:16:664
1000,773071	104,398888	24,949999	1000,762939	2020-11-19T14:31:16:903
1000,769836	104,425308	24,939999	1000,740967	2020-11-19T14:31:17:144
1000,769592	104,427948	24,949999	1000,767578	2020-11-19T14:31:17:433
1000,769531	104,427948	24,949999	1000,768555	2020-11-19T14:31:17:622
1000,768738	104,435875	24,949999	1000,761475	2020-11-19T14:31:17:864
1000,768005	104,441162	24,959999	1000,761719	2020-11-19T14:31:18:113
1000,765564	104,462296	24,959999	1000,743652	2020-11-19T14:31:18:346
1000,766174	104,457016	24,959999	1000,771729	2020-11-19T14:31:18:588
1000,766541	104,451729	24,980000	1000,770020	2020-11-19T14:31:18:904
1000,764465	104,470222	24,969999	1000,745850	2020-11-19T14:31:19:065
1000,765137	104,464943	24,969999	1000,770996	2020-11-19T14:31:19:307
1000,766785	104,451729	24,969999	1000,781738	2020-11-19T14:31:19:547
1000,769043	104,433235	24,980000	1000,789795	2020-11-19T14:31:19:787
1000,767944	104,441162	24,990000	1000,758057	2020-11-19T14:31:20:032
1000,767761	104,443802	24,980000	1000,766602	2020-11-19T14:31:20:267
1000,767822	104,441162	24,990000	1000,768311	2020-11-19T14:31:20:508
1000,768372	104,438515	24,990000	1000,772949	2020-11-19T14:31:20:749
1000,771790	104,409454	24,990000	1000,802490	2020-11-19T14:31:20:989
1000,772217	104,404167	25,000000	1000,776367	2020-11-19T14:31:21:228
1000,771790	104,409454	24,990000	1000,768311	2020-11-19T14:31:21:469
1000,773315	104,396240	25,000000	1000,787354	2020-11-19T14:31:21:708
1000,773987	104,390961	25,000000	1000,780029	2020-11-19T14:31:21:948
1000,774292	104,388313	25,010000	1000,776855	2020-11-19T14:31:22:189
1000,776184	104,372459	25,010000	1000,792969	2020-11-19T14:31:22:429
1000,780396	104,335472	25,010000	1000,818359	2020-11-19T14:31:22:674
1000,785095	104,295837	25,010000	1000,827148	2020-11-19T14:31:22:909
1000,789856	104,256203	25,010000	1000,833008	2020-11-19T14:31:23:151
1000,790649	104,250916	25,019999	1000,797607	2020-11-19T14:31:23:391
1000,791687	104,240349	25,019999	1000,801025	2020-11-19T14:31:23:629
1000,791626	104,242989	25,010000	1000,791016	2020-11-19T14:31:23:870
1000,786804	104,282623	25,019999	1000,743164	2020-11-19T14:31:24:112
1000,783997	104,306404	25,029999	1000,758301	2020-11-19T14:31:24:352
1000,782471	104,319618	25,029999	1000,768799	2020-11-19T14:31:24:591
1000,780518	104,335472	25,029999	1000,762451	2020-11-19T14:31:24:831
1000,779724	104,343399	25,029999	1000,772705	2020-11-19T14:31:25:071
1000,778748	104,351326	25,039999	1000,770020	2020-11-19T14:31:25:311
1000,776794	104,367180	25,039999	1000,759033	2020-11-19T14:31:25:552
1000,773926	104,390961	25,039999	1000,748291	2020-11-19T14:31:25:792
1000,770813	104,417381	25,039999	1000,742432	2020-11-19T14:31:26:032
1000,770569	104,420021	25,039999	1000,768311	2020-11-19T14:31:26:272
1000,772827	104,398888	25,049999	1000,792969	2020-11-19T14:31:26:512
1000,773865	104,390961	25,059999	1000,783691	2020-11-19T14:31:26:754
1000,774414	104,385674	25,049999	1000,779297	2020-11-19T14:31:26:993
1000,773376	104,396240	25,059999	1000,764160	2020-11-19T14:31:27:235
1000,774597	104,385674	25,059999	1000,785156	2020-11-19T14:31:27:474
1000,773804	104,390961	25,059999	1000,766113	2020-11-19T14:31:27:715
1000,772949	104,398888	25,059999	1000,765381	2020-11-19T14:31:27:954
1000,774292	104,388313	25,070000	1000,786621	2020-11-19T14:31:28:195
1000,775146	104,380386	25,070000	1000,782959	2020-11-19T14:31:28:435
1000,774475	104,385674	25,070000	1000,768311	2020-11-19T14:31:28:675
1000,774170	104,388313	25,070000	1000,771240	2020-11-19T14:31:28:915
1000,769226	104,430588	25,070000	1000,724609	2020-11-19T14:31:29:155
1000,764038	104,472870	25,070000	1000,717773	2020-11-19T14:31:29:396
1000,762451	104,488724	25,070000	1000,747803	2020-11-19T14:31:29:636
1000,763611	104,478149	25,080000	1000,774170	2020-11-19T14:31:29:875
1000,764160	104,472870	25,070000	1000,769043	2020-11-19T14:31:30:117
1000,764404	104,470222	25,080000	1000,766357	2020-11-19T14:31:30:359
1000,764954	104,464943	25,070000	1000,770020	2020-11-19T14:31:30:597
1000,765808	104,459656	25,080000	1000,773438	2020-11-19T14:31:30:837
1000,765869	104,459656	25,070000	1000,766602	2020-11-19T14:31:31:077
1000,765869	104,459656	25,080000	1000,765625	2020-11-19T14:31:31:318
1000,768005	104,441162	25,080000	1000,787109	2020-11-19T14:31:31:558
1000,767212	104,446442	25,080000	1000,760010	2020-11-19T14:31:31:799
1000,766418	104,454369	25,080000	1000,758789	2020-11-19T14:31:32:038
1000,767029	104,449089	25,080000	1000,772217	2020-11-19T14:31:32:279
1000,770081	104,422668	25,080000	1000,797607	2020-11-19T14:31:32:518
1000,772705	104,401527	25,080000	1000,796143	2020-11-19T14:31:32:759
1000,773865	104,390961	25,080000	1000,783936	2020-11-19T14:31:33:001
1000,775635	104,375107	25,080000	1000,791504	2020-11-19T14:31:33:239
1000,775635	104,375107	25,080000	1000,775635	2020-11-19T14:31:33:479
1000,772034	104,406815	25,080000	1000,739746	2020-11-19T14:31:33:720
1000,770935	104,414742	25,080000	1000,760986	2020-11-19T14:31:33:960
1000,770081	104,422668	25,080000	1000,761963	2020-11-19T14:31:34:201
1000,770081	104,422668	25,080000	1000,769775	2020-11-19T14:31:34:441
1000,770874	104,417381	25,080000	1000,777832	2020-11-19T14:31:34:683
1000,771912	104,406815	25,080000	1000,780762	2020-11-19T14:31:34:922
1000,775269	104,380386	25,080000	1000,805176	2020-11-19T14:31:35:175
1000,775452	104,377747	25,080000	1000,777100	2020-11-19T14:31:35:400
1000,776978	104,364532	25,080000	1000,790527	2020-11-19T14:31:35:644
1000,781311	104,327545	25,080000	1000,819824	2020-11-19T14:31:35:882
1000,783752	104,309044	25,070000	1000,805664	2020-11-19T14:31:36:123
1000,783752	104,309044	25,070000	1000,783691	2020-11-19T14:31:36:363
1000,786438	104,285263	25,080000	1000,810059	2020-11-19T14:31:36:604
1000,785583	104,293190	25,080000	1000,778076	2020-11-19T14:31:36:845
1000,782593	104,316971	25,080000	1000,755127	2020-11-19T14:31:37:083
1000,779663	104,343399	25,080000	1000,753662	2020-11-19T14:31:37:324
1000,778076	104,356606	25,080000	1000,763916	2020-11-19T14:31:37:564
1000,779907	104,340752	25,080000	1000,796387	2020-11-19T14:31:37:804
1000,782410	104,319618	25,080000	1000,804688	2020-11-19T14:31:38:044
1000,779541	104,343399	25,080000	1000,753418	2020-11-19T14:31:38:284
1000,780518	104,335472	25,080000	1000,789551	2020-11-19T14:31:38:525
1000,781555	104,327545	25,080000	1000,790771	2020-11-19T14:31:38:764
1000,781494	104,327545	25,080000	1000,781006	2020-11-19T14:31:39:006
1000,779968	104,340752	25,080000	1000,766357	2020-11-19T14:31:39:245
1000,781311	104,327545	25,080000	1000,792969	2020-11-19T14:31:39:485
1000,783081	104,314331	25,080000	1000,798828	2020-11-19T14:31:39:725
1000,780090	104,338112	25,080000	1000,752930	2020-11-19T14:31:39:965
1000,782471	104,319618	25,080000	1000,803711	2020-11-19T14:31:40:207
1000,784241	104,303764	25,080000	1000,800049	2020-11-19T14:31:40:447
1000,785034	104,298477	25,080000	1000,791992	2020-11-19T14:31:40:687
1000,787537	104,277336	25,080000	1000,810547	2020-11-19T14:31:40:927
1000,785645	104,293190	25,080000	1000,768555	2020-11-19T14:31:41:167
1000,784302	104,303764	25,080000	1000,772461	2020-11-19T14:31:41:408
1000,782959	104,314331	25,080000	1000,770508	2020-11-19T14:31:41:648
1000,782288	104,319618	25,080000	1000,776367	2020-11-19T14:31:41:887
1000,782227	104,319618	25,080000	1000,781738	2020-11-19T14:31:42:129
1000,782471	104,319618	25,080000	1000,784668	2020-11-19T14:31:42:368
1000,782104	104,322258	25,080000	1000,778809	2020-11-19T14:31:42:609
1000,779968	104,340752	25,080000	1000,760742	2020-11-19T14:31:42:849
1000,782104	104,322258	25,080000	1000,801025	2020-11-19T14:31:43:089
1000,786011	104,290550	25,080000	1000,821533	2020-11-19T14:31:43:329
1000,786926	104,279984	25,080000	1000,795166	2020-11-19T14:31:43:570
1000,787415	104,277336	25,080000	1000,792236	2020-11-19T14:31:43:810
1000,789307	104,261482	25,080000	1000,805908	2020-11-19T14:31:44:050
1000,789001	104,264130	25,080000	1000,786377	2020-11-19T14:31:44:290
1000,790100	104,253555	25,080000	1000,799805	2020-11-19T14:31:44:531
1000,792480	104,235062	25,080000	1000,813965	2020-11-19T14:31:44:771
1000,792908	104,229782	25,080000	1000,796875	2020-11-19T14:31:45:011
1000,792236	104,237709	25,080000	1000,785889	2020-11-19T14:31:45:251
1000,789795	104,256203	25,080000	1000,767822	2020-11-19T14:31:45:491
1000,792847	104,232422	25,090000	1000,819824	2020-11-19T14:31:45:731
1000,794067	104,221855	25,080000	1000,804688	2020-11-19T14:31:45:972
1000,790649	104,250916	25,080000	1000,759766	2020-11-19T14:31:46:212
1000,788208	104,269409	25,080000	1000,766602	2020-11-19T14:31:46:452
1000,788269	104,269409	25,090000	1000,789062	2020-11-19T14:31:46:692
1000,787415	104,277336	25,080000	1000,780029	2020-11-19T14:31:46:933
1000,785217	104,295837	25,080000	1000,765381	2020-11-19T14:31:47:174
1000,784973	104,298477	25,080000	1000,782959	2020-11-19T14:31:47:415
1000,783630	104,309044	25,090000	1000,771484	2020-11-19T14:31:47:653
1000,784058	104,306404	25,080000	1000,787842	2020-11-19T14:31:47:893
1000,783081	104,314331	25,080000	1000,774414	2020-11-19T14:31:48:136
1000,782166	104,322258	25,080000	1000,773438	2020-11-19T14:31:48:376
1000,780273	104,338112	25,090000	1000,763428	2020-11-19T14:31:48:617
1000,779053	104,348679	25,080000	1000,768311	2020-11-19T14:31:48:855
1000,776855	104,367180	25,090000	1000,757080	2020-11-19T14:31:49:096
1000,777100	104,364532	25,080000	1000,779053	2020-11-19T14:31:49:336
1000,778137	104,356606	25,090000	1000,787842	2020-11-19T14:31:49:576
1000,780396	104,335472	25,080000	1000,800537	2020-11-19T14:31:49:817
1000,780884	104,332825	25,090000	1000,785400	2020-11-19T14:31:50:056
1000,781006	104,330185	25,090000	1000,781982	2020-11-19T14:31:50:297
1000,784180	104,303764	25,090000	1000,812744	2020-11-19T14:31:50:538
1000,789062	104,264130	25,090000	1000,832764	2020-11-19T14:31:50:777
1000,790955	104,248276	25,090000	1000,807617	2020-11-19T14:31:51:018
1000,790588	104,250916	25,090000	1000,787109	2020-11-19T14:31:51:258
1000,790833	104,248276	25,090000	1000,793457	2020-11-19T14:31:51:499
1000,794006	104,221855	25,100000	1000,822754	2020-11-19T14:31:51:739
1000,795776	104,206001	25,090000	1000,811768	2020-11-19T14:31:51:979
1000,797668	104,190147	25,090000	1000,814697	2020-11-19T14:31:52:219
1000,798340	104,184860	25,090000	1000,804199	2020-11-19T14:31:52:459
1000,801758	104,155792	25,100000	1000,832031	2020-11-19T14:31:52:699
1000,804749	104,132011	25,100000	1000,831543	2020-11-19T14:31:52:940
1000,806580	104,116158	25,100000	1000,823242	2020-11-19T14:31:53:181
1000,810181	104,084457	25,100000	1000,842773	2020-11-19T14:31:53:420
1000,809814	104,089737	25,100000	1000,806885	2020-11-19T14:31:53:661
1000,807434	104,108231	25,100000	1000,786133	2020-11-19T14:31:53:901
1000,802063	104,153152	25,100000	1000,753662	2020-11-19T14:31:54:141
1000,798218	104,187500	25,090000	1000,763184	2020-11-19T14:31:54:381
1000,801147	104,161079	25,100000	1000,827637	2020-11-19T14:31:54:622
1000,803162	104,145226	25,100000	1000,821289	2020-11-19T14:31:54:863
1000,807434	104,108231	25,100000	1000,845947	2020-11-19T14:31:55:104
1000,808350	104,100304	25,100000	1000,816162	2020-11-19T14:31:55:342
1000,807922	104,105591	25,100000	1000,803955	2020-11-19T14:31:55:582
1000,809326	104,092377	25,090000	1000,822021	2020-11-19T14:31:55:824
1000,809937	104,087097	25,100000	1000,815186	2020-11-19T14:31:56:062
1000,810669	104,081810	25,100000	1000,816895	2020-11-19T14:31:56:303
1000,810242	104,084457	25,100000	1000,806885	2020-11-19T14:31:56:543
1000,810242	104,084457	25,100000	1000,810059	2020-11-19T14:31:56:783
1000,811584	104,073883	25,100000	1000,823730	2020-11-19T14:31:57:025
1000,813416	104,058029	25,109999	1000,829590	2020-11-19T14:31:57:264
1000,813232	104,060677	25,109999	1000,811279	2020-11-19T14:31:57:504
1000,813599	104,058029	25,100000	1000,817139	2020-11-19T14:31:57:744
1000,816833	104,028969	25,100000	1000,845459	2020-11-19T14:31:57:984
1000,817627	104,023682	25,100000	1000,824707	2020-11-19T14:31:58:225
1000,817810	104,021042	25,109999	1000,819336	2020-11-19T14:31:58:464
1000,816772	104,031609	25,100000	1000,807129	2020-11-19T14:31:58:704
1000,813538	104,058029	25,109999	1000,784912	2020-11-19T14:31:58:944
1000,813843	104,055389	25,100000	1000,816650	2020-11-19T14:31:59:185
1000,811279	104,076530	25,100000	1000,788574	2020-11-19T14:31:59:425
1000,807983	104,105591	25,100000	1000,778809	2020-11-19T14:31:59:665
1000,808044	104,102951	25,109999	1000,808594	2020-11-19T14:31:59:906
1000,805481	104,124084	25,100000	1000,782471	2020-11-19T14:32:00:146
1000,806641	104,116158	25,100000	1000,816895	2020-11-19T14:32:00:410
1000,803833	104,139938	25,109999	1000,778564	2020-11-19T14:32:00:627
1000,801819	104,155792	25,109999	1000,783447	2020-11-19T14:32:00:866
1000,800659	104,166367	25,109999	1000,790039	2020-11-19T14:32:01:107
1000,800842	104,163719	25,109999	1000,802246	2020-11-19T14:32:01:348
1000,801758	104,155792	25,109999	1000,809814	2020-11-19T14:32:01:589
1000,801941	104,155792	25,109999	1000,803467	2020-11-19T14:32:01:828
1000,802917	104,147865	25,119999	1000,811279	2020-11-19T14:32:02:068
1000,806824	104,113518	25,109999	1000,842041	2020-11-19T14:32:02:309
1000,808960	104,097664	25,109999	1000,827881	2020-11-19T14:32:02:548
1000,812256	104,068604	25,119999	1000,841797	2020-11-19T14:32:02:788
1000,815125	104,044823	25,119999	1000,841064	2020-11-19T14:32:03:028
1000,817505	104,023682	25,119999	1000,838867	2020-11-19T14:32:03:270
1000,819885	104,005188	25,119999	1000,841553	2020-11-19T14:32:03:509
1000,818237	104,018394	25,109999	1000,803467	2020-11-19T14:32:03:749
1000,817078	104,028969	25,109999	1000,806641	2020-11-19T14:32:03:989
1000,817139	104,026321	25,109999	1000,817871	2020-11-19T14:32:04:230
1000,816284	104,034248	25,109999	1000,808594	2020-11-19T14:32:04:471
1000,812317	104,068604	25,119999	1000,776855	2020-11-19T14:32:04:710
1000,812927	104,063316	25,119999	1000,818359	2020-11-19T14:32:04:950
1000,813782	104,055389	25,119999	1000,821289	2020-11-19T14:32:05:191
1000,813965	104,055389	25,119999	1000,815674	2020-11-19T14:32:05:432
1000,814880	104,047462	25,119999	1000,822998	2020-11-19T14:32:05:671
1000,815186	104,044823	25,109999	1000,817627	2020-11-19T14:32:05:911
1000,812256	104,068604	25,129999	1000,786133	2020-11-19T14:32:06:151
1000,812073	104,071243	25,119999	1000,810303	2020-11-19T14:32:06:391
1000,811157	104,076530	25,119999	1000,802734	2020-11-19T14:32:06:633
1000,809814	104,089737	25,119999	1000,797607	2020-11-19T14:32:06:872
1000,809265	104,095024	25,119999	1000,804199	2020-11-19T14:32:07:113
1000,809265	104,095024	25,119999	1000,808838	2020-11-19T14:32:07:352
1000,810974	104,079170	25,119999	1000,825928	2020-11-19T14:32:07:592
1000,810974	104,079170	25,119999	1000,810791	2020-11-19T14:32:07:833
1000,810303	104,084457	25,119999	1000,803955	2020-11-19T14:32:08:073
1000,809875	104,087097	25,129999	1000,806152	2020-11-19T14:32:08:314
1000,809387	104,092377	25,129999	1000,804932	2020-11-19T14:32:08:557
1000,810181	104,084457	25,119999	1000,817139	2020-11-19T14:32:08:795
1000,809631	104,089737	25,119999	1000,804688	2020-11-19T14:32:09:035
1000,808716	104,097664	25,129999	1000,800781	2020-11-19T14:32:09:275
1000,808289	104,102951	25,119999	1000,803955	2020-11-19T14:32:09:515
1000,806519	104,116158	25,119999	1000,791016	2020-11-19T14:32:09:755
1000,802368	104,150513	25,129999	1000,764893	2020-11-19T14:32:09:996
1000,799988	104,171646	25,129999	1000,778564	2020-11-19T14:32:10:237
1000,796570	104,200714	25,129999	1000,765869	2020-11-19T14:32:10:480
1000,795776	104,206001	25,119999	1000,788574	2020-11-19T14:32:10:723
1000,795715	104,208641	25,129999	1000,794922	2020-11-19T14:32:10:954
1000,795959	104,206001	25,129999	1000,797852	2020-11-19T14:32:11:195
1000,799988	104,171646	25,129999	1000,836182	2020-11-19T14:32:11:444
1000,806152	104,118805	25,129999	1000,861572	2020-11-19T14:32:11:677
1000,808777	104,097664	25,129999	1000,832031	2020-11-19T14:32:11:917
1000,812134	104,068604	25,129999	1000,842041	2020-11-19T14:32:12:158
1000,813660	104,058029	25,129999	1000,827148	2020-11-19T14:32:12:398
1000,813416	104,058029	25,139999	1000,811035	2020-11-19T14:32:12:639
1000,817261	104,026321	25,129999	1000,851562	2020-11-19T14:32:12:878
1000,821167	103,991974	25,129999	1000,856201	2020-11-19T14:32:13:119
1000,822083	103,986687	25,139999	1000,830566	2020-11-19T14:32:13:359
1000,821777	103,989334	25,139999	1000,819092	2020-11-19T14:32:13:599
1000,821533	103,989334	25,139999	1000,819336	2020-11-19T14:32:13:839
1000,820923	103,994614	25,139999	1000,815430	2020-11-19T14:32:14:079
1000,821167	103,991974	25,139999	1000,822998	2020-11-19T14:32:14:320
1000,823547	103,973480	25,150000	1000,844971	2020-11-19T14:32:14:559
1000,822815	103,978760	25,150000	1000,816650	2020-11-19T14:32:14:799
1000,820068	104,002541	25,150000	1000,794922	2020-11-19T14:32:15:046
1000,818237	104,018394	25,150000	1000,801758	2020-11-19T14:32:15:288
1000,818176	104,018394	25,150000	1000,817383	2020-11-19T14:32:15:521
1000,818481	104,015755	25,150000	1000,821289	2020-11-19T14:32:15:761
1000,815063	104,044823	25,150000	1000,784180	2020-11-19T14:32:16:008
1000,815430	104,042175	25,150000	1000,819092	2020-11-19T14:32:16:241
1000,814758	104,047462	25,150000	1000,808594	2020-11-19T14:32:16:481
1000,813171	104,060677	25,150000	1000,798584	2020-11-19T14:32:16:722
1000,812256	104,068604	25,150000	1000,804443	2020-11-19T14:32:16:963
1000,811035	104,079170	25,160000	1000,799805	2020-11-19T14:32:17:202
1000,812195	104,068604	25,150000	1000,822266	2020-11-19T14:32:17:444
1000,812256	104,068604	25,160000	1000,812988	2020-11-19T14:32:17:682
1000,812927	104,063316	25,150000	1000,818848	2020-11-19T14:32:17:923
1000,812561	104,065956	25,160000	1000,809326	2020-11-19T14:32:18:163
1000,812927	104,063316	25,160000	1000,816162	2020-11-19T14:32:18:404
1000,813049	104,060677	25,170000	1000,813721	2020-11-19T14:32:18:645
1000,815491	104,042175	25,170000	1000,836914	2020-11-19T14:32:18:886
1000,819519	104,007828	25,160000	1000,855225	2020-11-19T14:32:19:124
1000,821655	103,989334	25,170000	1000,840820	2020-11-19T14:32:19:364
1000,823425	103,973480	25,170000	1000,839844	2020-11-19T14:32:19:605
1000,824585	103,965553	25,160000	1000,834717	2020-11-19T14:32:19:845
1000,827454	103,941772	25,170000	1000,853027	2020-11-19T14:32:20:085
1000,827393	103,941772	25,170000	1000,826660	2020-11-19T14:32:20:325
1000,826904	103,944412	25,170000	1000,822754	2020-11-19T14:32:20:565
1000,826721	103,947052	25,170000	1000,825195	2020-11-19T14:32:20:806
1000,826172	103,952339	25,170000	1000,821533	2020-11-19T14:32:21:046
1000,825439	103,957626	25,170000	1000,818604	2020-11-19T14:32:21:287
1000,825378	103,957626	25,180000	1000,824707	2020-11-19T14:32:21:527
1000,824951	103,962906	25,180000	1000,821289	2020-11-19T14:32:21:767
1000,825073	103,960266	25,180000	1000,825928	2020-11-19T14:32:22:006
1000,825928	103,952339	25,180000	1000,833496	2020-11-19T14:32:22:247
1000,825806	103,954979	25,180000	1000,824707	2020-11-19T14:32:22:487
1000,825562	103,957626	25,180000	1000,822998	2020-11-19T14:32:22:727
1000,827148	103,941772	25,180000	1000,841309	2020-11-19T14:32:22:968
1000,824951	103,962906	25,180000	1000,805664	2020-11-19T14:32:23:208
1000,825500	103,957626	25,189999	1000,830566	2020-11-19T14:32:23:451
1000,827148	103,941772	25,189999	1000,842285	2020-11-19T14:32:23:688
1000,827759	103,939125	25,180000	1000,833252	2020-11-19T14:32:23:928
1000,828735	103,928558	25,180000	1000,837646	2020-11-19T14:32:24:169
1000,829346	103,925919	25,189999	1000,834961	2020-11-19T14:32:24:409
1000,828430	103,931198	25,180000	1000,820312	2020-11-19T14:32:24:649
1000,828613	103,931198	25,189999	1000,830322	2020-11-19T14:32:24:890
1000,826050	103,952339	25,189999	1000,802734	2020-11-19T14:32:25:131
1000,825684	103,954979	25,189999	1000,822266	2020-11-19T14:32:25:371
1000,826294	103,949699	25,189999	1000,831543	2020-11-19T14:32:25:611
1000,826904	103,944412	25,189999	1000,832520	2020-11-19T14:32:25:855
1000,824341	103,965553	25,199999	1000,801025	2020-11-19T14:32:26:091
1000,822571	103,981407	25,189999	1000,806885	2020-11-19T14:32:26:331
1000,819885	104,005188	25,189999	1000,795410	2020-11-19T14:32:26:572
1000,820007	104,002541	25,189999	1000,821533	2020-11-19T14:32:26:812
1000,819458	104,007828	25,189999	1000,814697	2020-11-19T14:32:27:052
1000,817200	104,026321	25,199999	1000,796631	2020-11-19T14:32:27:292
1000,815186	104,044823	25,189999	1000,796631	2020-11-19T14:32:27:532
1000,813965	104,055389	25,189999	1000,802734	2020-11-19T14:32:27:772
1000,815186	104,044823	25,199999	1000,826416	2020-11-19T14:32:28:013
1000,815125	104,044823	25,199999	1000,814697	2020-11-19T14:32:28:253
1000,814636	104,047462	25,199999	1000,810303	2020-11-19T14:32:28:493
1000,813843	104,055389	25,199999	1000,806396	2020-11-19T14:32:28:733
1000,814392	104,050102	25,199999	1000,819580	2020-11-19T14:32:28:974
1000,815857	104,036896	25,199999	1000,829102	2020-11-19T14:32:29:214
1000,816101	104,036896	25,199999	1000,818115	2020-11-19T14:32:29:455
1000,817566	104,023682	25,199999	1000,830322	2020-11-19T14:32:29:695
1000,819885	104,005188	25,199999	1000,840576	2020-11-19T14:32:29:935
1000,822388	103,984047	25,199999	1000,845215	2020-11-19T14:32:30:175
1000,825256	103,960266	25,189999	1000,851074	2020-11-19T14:32:30:415
1000,824768	103,962906	25,199999	1000,819824	2020-11-19T14:32:30:656
1000,824097	103,968193	25,199999	1000,818115	2020-11-19T14:32:30:896
1000,824402	103,965553	25,199999	1000,827393	2020-11-19T14:32:31:136
1000,821655	103,989334	25,199999	1000,796875	2020-11-19T14:32:31:376
1000,818481	104,015755	25,209999	1000,790283	2020-11-19T14:32:31:618
1000,813354	104,058029	25,199999	1000,767090	2020-11-19T14:32:31:867
1000,809692	104,089737	25,199999	1000,776611	2020-11-19T14:32:32:103
1000,810059	104,087097	25,209999	1000,813232	2020-11-19T14:32:32:337
1000,810669	104,081810	25,199999	1000,816162	2020-11-19T14:32:32:578
1000,808655	104,097664	25,199999	1000,790771	2020-11-19T14:32:32:818
1000,807922	104,105591	25,209999	1000,801025	2020-11-19T14:32:33:060
1000,808289	104,102951	25,209999	1000,811768	2020-11-19T14:32:33:298
1000,808960	104,097664	25,209999	1000,815430	2020-11-19T14:32:33:540
1000,807007	104,113518	25,209999	1000,789795	2020-11-19T14:32:33:779
1000,806519	104,116158	25,209999	1000,802490	2020-11-19T14:32:34:019
1000,804077	104,137299	25,209999	1000,782471	2020-11-19T14:32:34:259
1000,805054	104,129372	25,209999	1000,813721	2020-11-19T14:32:34:499
1000,807434	104,108231	25,209999	1000,828369	2020-11-19T14:32:34:739
1000,808044	104,102951	25,209999	1000,813477	2020-11-19T14:32:34:980
1000,808044	104,102951	25,209999	1000,807861	2020-11-19T14:32:35:220
1000,810425	104,084457	25,209999	1000,831543	2020-11-19T14:32:35:460
1000,811768	104,071243	25,209999	1000,823486	2020-11-19T14:32:35:700
1000,816528	104,031609	25,209999	1000,859375	2020-11-19T14:32:35:941
1000,821777	103,989334	25,219999	1000,869141	2020-11-19T14:32:36:184
1000,819824	104,005188	25,219999	1000,802246	2020-11-19T14:32:36:421
1000,819763	104,005188	25,209999	1000,819580	2020-11-19T14:32:36:662
1000,820068	104,002541	25,209999	1000,822266	2020-11-19T14:32:36:902
1000,820190	104,002541	25,219999	1000,821045	2020-11-19T14:32:37:142
1000,822632	103,981407	25,219999	1000,844238	2020-11-19T14:32:37:382
1000,822632	103,981407	25,219999	1000,822754	2020-11-19T14:32:37:622
1000,821899	103,986687	25,219999	1000,815430	2020-11-19T14:32:37:863
1000,821533	103,989334	25,219999	1000,818115	2020-11-19T14:32:38:103
1000,821167	103,991974	25,219999	1000,817871	2020-11-19T14:32:38:344
1000,820862	103,994614	25,219999	1000,818359	2020-11-19T14:32:38:582
1000,821838	103,986687	25,219999	1000,830322	2020-11-19T14:32:38:823
1000,821777	103,989334	25,219999	1000,821045	2020-11-19T14:32:39:064
1000,820984	103,994614	25,219999	1000,813965	2020-11-19T14:32:39:304
1000,818848	104,013115	25,219999	1000,799561	2020-11-19T14:32:39:545
1000,818726	104,013115	25,219999	1000,817871	2020-11-19T14:32:39:785
1000,819336	104,007828	25,219999	1000,824951	2020-11-19T14:32:40:025
1000,821045	103,994614	25,219999	1000,836426	2020-11-19T14:32:40:265
1000,824463	103,965553	25,230000	1000,855225	2020-11-19T14:32:40:505
1000,823730	103,970833	25,219999	1000,817139	2020-11-19T14:32:40:745
1000,820557	103,999901	25,219999	1000,791992	2020-11-19T14:32:40:986
1000,816162	104,034248	25,230000	1000,776855	2020-11-19T14:32:41:225
1000,814941	104,044823	25,230000	1000,803955	2020-11-19T14:32:41:467
1000,817383	104,026321	25,219999	1000,839844	2020-11-19T14:32:41:706
1000,816223	104,034248	25,230000	1000,806152	2020-11-19T14:32:41:946
1000,815430	104,042175	25,230000	1000,808350	2020-11-19T14:32:42:187
1000,814453	104,050102	25,230000	1000,805420	2020-11-19T14:32:42:427
1000,814148	104,052750	25,230000	1000,811523	2020-11-19T14:32:42:668
1000,816528	104,031609	25,230000	1000,837646	2020-11-19T14:32:42:907
1000,818298	104,018394	25,230000	1000,834229	2020-11-19T14:32:43:148
1000,820557	103,999901	25,240000	1000,841064	2020-11-19T14:32:43:389
1000,821289	103,991974	25,230000	1000,827881	2020-11-19T14:32:43:628
1000,821777	103,989334	25,230000	1000,826172	2020-11-19T14:32:43:869
1000,823181	103,976120	25,230000	1000,835938	2020-11-19T14:32:44:108
1000,824951	103,962906	25,230000	1000,841064	2020-11-19T14:32:44:349
1000,825073	103,960266	25,230000	1000,826172	2020-11-19T14:32:44:589
1000,824402	103,965553	25,230000	1000,818359	2020-11-19T14:32:44:830
1000,822632	103,981407	25,230000	1000,806885	2020-11-19T14:32:45:071
1000,821289	103,991974	25,230000	1000,809082	2020-11-19T14:32:45:310
1000,822571	103,981407	25,240000	1000,834229	2020-11-19T14:32:45:550
1000,821838	103,986687	25,240000	1000,815186	2020-11-19T14:32:45:790
1000,821716	103,989334	25,240000	1000,820557	2020-11-19T14:32:46:030
1000,823364	103,976120	25,240000	1000,838623	2020-11-19T14:32:46:271
1000,823303	103,976120	25,240000	1000,822754	2020-11-19T14:32:46:511
1000,823853	103,970833	25,240000	1000,828613	2020-11-19T14:32:46:751
1000,825562	103,957626	25,240000	1000,840820	2020-11-19T14:32:46:991
1000,828796	103,928558	25,240000	1000,857910	2020-11-19T14:32:47:231
1000,829773	103,920631	25,240000	1000,838379	2020-11-19T14:32:47:472
1000,830505	103,915344	25,240000	1000,837402	2020-11-19T14:32:47:712
1000,830261	103,917992	25,240000	1000,828125	2020-11-19T14:32:47:952
1000,830872	103,912704	25,240000	1000,836426	2020-11-19T14:32:48:194
1000,833008	103,894211	25,240000	1000,852295	2020-11-19T14:32:48:433
1000,831177	103,910065	25,240000	1000,814697	2020-11-19T14:32:48:673
1000,828491	103,931198	25,240000	1000,804199	2020-11-19T14:32:48:913
1000,829346	103,925919	25,240000	1000,836914	2020-11-19T14:32:49:156
1000,830383	103,915344	25,240000	1000,839355	2020-11-19T14:32:49:394
1000,835571	103,873070	25,240000	1000,882568	2020-11-19T14:32:49:634
1000,838379	103,849289	25,240000	1000,863525	2020-11-19T14:32:49:875
1000,840149	103,833435	25,240000	1000,856201	2020-11-19T14:32:50:114
1000,839966	103,836082	25,240000	1000,838623	2020-11-19T14:32:50:355
1000,839783	103,836082	25,250000	1000,838379	2020-11-19T14:32:50:595
1000,840149	103,833435	25,240000	1000,843506	2020-11-19T14:32:50:835
1000,838379	103,849289	25,250000	1000,822754	2020-11-19T14:32:51:077
1000,836792	103,862503	25,240000	1000,822510	2020-11-19T14:32:51:315
1000,838257	103,849289	25,240000	1000,851318	2020-11-19T14:32:51:556
1000,838562	103,846649	25,250000	1000,841309	2020-11-19T14:32:51:796
1000,834900	103,878357	25,250000	1000,801514	2020-11-19T14:32:52:036
1000,829224	103,925919	25,250000	1000,778076	2020-11-19T14:32:52:277
1000,827515	103,939125	25,250000	1000,812012	2020-11-19T14:32:52:517
1000,825562	103,957626	25,240000	1000,807861	2020-11-19T14:32:52:757
1000,824646	103,965553	25,250000	1000,816650	2020-11-19T14:32:52:997
1000,824829	103,962906	25,250000	1000,825928	2020-11-19T14:32:53:237
1000,825989	103,952339	25,250000	1000,836426	2020-11-19T14:32:53:479
1000,827332	103,941772	25,250000	1000,839600	2020-11-19T14:32:53:718
1000,827576	103,939125	25,250000	1000,829834	2020-11-19T14:32:53:958
1000,827087	103,944412	25,250000	1000,822510	2020-11-19T14:32:54:200
1000,825562	103,957626	25,250000	1000,811768	2020-11-19T14:32:54:439
1000,825623	103,954979	25,250000	1000,825928	2020-11-19T14:32:54:679
1000,826233	103,952339	25,250000	1000,831787	2020-11-19T14:32:54:923
1000,830078	103,917992	25,250000	1000,864502	2020-11-19T14:32:55:160
1000,831177	103,910065	25,260000	1000,840820	2020-11-19T14:32:55:400
1000,832458	103,899498	25,260000	1000,843750	2020-11-19T14:32:55:640
1000,834290	103,883644	25,260000	1000,850830	2020-11-19T14:32:55:883
1000,834106	103,883644	25,250000	1000,832031	2020-11-19T14:32:56:120
1000,832520	103,896851	25,250000	1000,818115	2020-11-19T14:32:56:360
1000,830078	103,917992	25,260000	1000,807617	2020-11-19T14:32:56:601
1000,828918	103,928558	25,260000	1000,818115	2020-11-19T14:32:56:841
1000,830627	103,915344	25,260000	1000,845947	2020-11-19T14:32:57:081
1000,831970	103,902138	25,250000	1000,843750	2020-11-19T14:32:57:321
1000,832397	103,899498	25,260000	1000,835693	2020-11-19T14:32:57:561
1000,831482	103,907425	25,260000	1000,823242	2020-11-19T14:32:57:802
1000,830200	103,917992	25,260000	1000,818604	2020-11-19T14:32:58:041
1000,828796	103,928558	25,250000	1000,816650	2020-11-19T14:32:58:283
1000,828308	103,933846	25,260000	1000,823975	2020-11-19T14:32:58:524
1000,827637	103,939125	25,260000	1000,821289	2020-11-19T14:32:58:763
1000,829285	103,925919	25,260000	1000,843994	2020-11-19T14:32:59:003
1000,830017	103,917992	25,260000	1000,836426	2020-11-19T14:32:59:243
1000,830078	103,917992	25,260000	1000,830322	2020-11-19T14:32:59:484
1000,832153	103,902138	25,260000	1000,850830	2020-11-19T14:32:59:724
1000,835083	103,875717	25,260000	1000,861816	2020-11-19T14:32:59:964
1000,832214	103,902138	25,269999	1000,806641	2020-11-19T14:33:00:203
1000,832092	103,902138	25,260000	1000,831299	2020-11-19T14:33:00:444
1000,832153	103,902138	25,260000	1000,833008	2020-11-19T14:33:00:684
1000,833496	103,888924	25,260000	1000,845947	2020-11-19T14:33:00:925
1000,834534	103,880997	25,260000	1000,843750	2020-11-19T14:33:01:165
1000,836853	103,862503	25,260000	1000,857666	2020-11-19T14:33:01:405
1000,840515	103,830795	25,269999	1000,873047	2020-11-19T14:33:01:645
1000,838440	103,849289	25,260000	1000,819580	2020-11-19T14:33:01:887
1000,836487	103,865143	25,260000	1000,819092	2020-11-19T14:33:02:126
1000,835144	103,875717	25,260000	1000,823242	2020-11-19T14:33:02:368
1000,832703	103,896851	25,269999	1000,810791	2020-11-19T14:33:02:607
1000,833984	103,886284	25,260000	1000,845947	2020-11-19T14:33:02:848
1000,835327	103,875717	25,260000	1000,847412	2020-11-19T14:33:03:088
1000,835876	103,870430	25,269999	1000,841064	2020-11-19T14:33:03:327
1000,835327	103,875717	25,260000	1000,830322	2020-11-19T14:33:03:567
1000,833191	103,891571	25,269999	1000,813965	2020-11-19T14:33:03:808
1000,829712	103,920631	25,269999	1000,798096	2020-11-19T14:33:04:048
1000,827393	103,941772	25,269999	1000,806641	2020-11-19T14:33:04:288
1000,824219	103,968193	25,269999	1000,795654	2020-11-19T14:33:04:528
1000,824585	103,965553	25,279999	1000,827881	2020-11-19T14:33:04:768
1000,827026	103,944412	25,269999	1000,848633	2020-11-19T14:33:05:009
1000,829224	103,925919	25,269999	1000,848877	2020-11-19T14:33:05:251
1000,830994	103,910065	25,269999	1000,846680	2020-11-19T14:33:05:491
1000,833252	103,891571	25,269999	1000,853760	2020-11-19T14:33:05:731
1000,833679	103,888924	25,269999	1000,837891	2020-11-19T14:33:05:970
1000,834839	103,878357	25,269999	1000,844971	2020-11-19T14:33:06:210
1000,834595	103,880997	25,269999	1000,832275	2020-11-19T14:33:06:451
1000,833862	103,886284	25,279999	1000,827393	2020-11-19T14:33:06:691
1000,832642	103,896851	25,269999	1000,822021	2020-11-19T14:33:06:931
1000,831055	103,910065	25,279999	1000,817139	2020-11-19T14:33:07:178
1000,828674	103,931198	25,279999	1000,807129	2020-11-19T14:33:07:411
1000,827393	103,941772	25,269999	1000,815918	2020-11-19T14:33:07:651
1000,825195	103,960266	25,269999	1000,805664	2020-11-19T14:33:07:892
1000,826477	103,949699	25,269999	1000,837646	2020-11-19T14:33:08:133
1000,828857	103,928558	25,279999	1000,850098	2020-11-19T14:33:08:372
1000,831726	103,904778	25,279999	1000,857178	2020-11-19T14:33:08:612
1000,832764	103,896851	25,279999	1000,842041	2020-11-19T14:33:08:853
1000,834106	103,883644	25,279999	1000,846191	2020-11-19T14:33:09:092
1000,833374	103,891571	25,279999	1000,826660	2020-11-19T14:33:09:333
1000,831360	103,907425	25,269999	1000,813232	2020-11-19T14:33:09:574
1000,828430	103,931198	25,279999	1000,801514	2020-11-19T14:33:09:813
1000,824524	103,965553	25,279999	1000,789551	2020-11-19T14:33:10:054
1000,821045	103,994614	25,279999	1000,789795	2020-11-19T14:33:10:295
1000,818909	104,013115	25,279999	1000,799805	2020-11-19T14:33:10:535
1000,818604	104,015755	25,279999	1000,815674	2020-11-19T14:33:10:775
1000,822510	103,981407	25,289999	1000,858154	2020-11-19T14:33:11:015
1000,823608	103,973480	25,289999	1000,833740	2020-11-19T14:33:11:255
1000,821777	103,989334	25,279999	1000,805176	2020-11-19T14:33:11:496
1000,823364	103,976120	25,279999	1000,837891	2020-11-19T14:33:11:735
1000,824219	103,968193	25,289999	1000,831787	2020-11-19T14:33:11:978
1000,823547	103,973480	25,289999	1000,817627	2020-11-19T14:33:12:217
1000,823181	103,976120	25,289999	1000,819824	2020-11-19T14:33:12:456
1000,824646	103,965553	25,289999	1000,837646	2020-11-19T14:33:12:697
1000,826599	103,947052	25,289999	1000,843750	2020-11-19T14:33:12:936
1000,830566	103,915344	25,289999	1000,866699	2020-11-19T14:33:13:177
1000,834290	103,883644	25,289999	1000,867432	2020-11-19T14:33:13:417
1000,835327	103,875717	25,289999	1000,844238	2020-11-19T14:33:13:657
1000,834045	103,886284	25,289999	1000,822266	2020-11-19T14:33:13:898
1000,834290	103,883644	25,289999	1000,836670	2020-11-19T14:33:14:138
1000,833618	103,888924	25,289999	1000,827393	2020-11-19T14:33:14:377
1000,832214	103,902138	25,299999	1000,819580	2020-11-19T14:33:14:619
1000,834351	103,883644	25,299999	1000,853760	2020-11-19T14:33:14:859
1000,834106	103,883644	25,299999	1000,831543	2020-11-19T14:33:15:100
1000,835510	103,873070	25,299999	1000,848389	2020-11-19T14:33:15:339
1000,834595	103,880997	25,289999	1000,825928	2020-11-19T14:33:15:579
1000,835754	103,870430	25,299999	1000,846436	2020-11-19T14:33:15:821
1000,838135	103,849289	25,299999	1000,859619	2020-11-19T14:33:16:059
1000,837402	103,857216	25,299999	1000,831055	2020-11-19T14:33:16:300
1000,836426	103,865143	25,289999	1000,827637	2020-11-19T14:33:16:542
1000,833191	103,891571	25,299999	1000,804443	2020-11-19T14:33:16:780
1000,831970	103,902138	25,299999	1000,820557	2020-11-19T14:33:17:021
1000,831299	103,907425	25,299999	1000,825195	2020-11-19T14:33:17:261
1000,831726	103,904778	25,299999	1000,835449	2020-11-19T14:33:17:501
1000,830627	103,915344	25,299999	1000,820557	2020-11-19T14:33:17:742
1000,829041	103,928558	25,299999	1000,814697	2020-11-19T14:33:17:981
1000,830444	103,915344	25,299999	1000,843262	2020-11-19T14:33:18:222
1000,831299	103,907425	25,299999	1000,838867	2020-11-19T14:33:18:464
1000,833801	103,886284	25,299999	1000,855957	2020-11-19T14:33:18:703
1000,836792	103,862503	25,299999	1000,863525	2020-11-19T14:33:18:944
1000,840515	103,830795	25,299999	1000,874023	2020-11-19T14:33:19:183
1000,842102	103,817581	25,299999	1000,856201	2020-11-19T14:33:19:423
1000,844238	103,799088	25,299999	1000,863281	2020-11-19T14:33:19:663
1000,845581	103,788521	25,299999	1000,857666	2020-11-19T14:33:19:904
1000,846619	103,780594	25,299999	1000,856201	2020-11-19T14:33:20:144
1000,848938	103,759453	25,309999	1000,869385	2020-11-19T14:33:20:385
1000,850098	103,748886	25,309999	1000,860596	2020-11-19T14:33:20:625
1000,851624	103,738319	25,309999	1000,865479	2020-11-19T14:33:20:865
1000,852539	103,730392	25,309999	1000,861084	2020-11-19T14:33:21:105
1000,848816	103,762093	25,299999	1000,815430	2020-11-19T14:33:21:345
1000,846558	103,780594	25,309999	1000,825928	2020-11-19T14:33:21:585
1000,845215	103,791161	25,309999	1000,833008	2020-11-19T14:33:21:825
1000,839783	103,836082	25,309999	1000,791016	2020-11-19T14:33:22:066
1000,839111	103,841362	25,309999	1000,832764	2020-11-19T14:33:22:307
1000,837646	103,854576	25,309999	1000,824463	2020-11-19T14:33:22:545
1000,836548	103,865143	25,309999	1000,826660	2020-11-19T14:33:22:787
1000,837463	103,857216	25,309999	1000,845703	2020-11-19T14:33:23:026
1000,840820	103,828156	25,320000	1000,870850	2020-11-19T14:33:23:267
1000,842468	103,814941	25,309999	1000,857178	2020-11-19T14:33:23:509
1000,843323	103,807014	25,320000	1000,851318	2020-11-19T14:33:23:747
1000,842468	103,814941	25,309999	1000,834961	2020-11-19T14:33:23:988
1000,838135	103,849289	25,309999	1000,799561	2020-11-19T14:33:24:228
1000,836853	103,862503	25,309999	1000,825684	2020-11-19T14:33:24:469
1000,838806	103,844009	25,320000	1000,855957	2020-11-19T14:33:24:709
1000,837097	103,859863	25,320000	1000,821777	2020-11-19T14:33:24:948
1000,835815	103,870430	25,320000	1000,824219	2020-11-19T14:33:25:189
1000,832275	103,899498	25,320000	1000,800537	2020-11-19T14:33:25:429
1000,829529	103,923271	25,320000	1000,804932	2020-11-19T14:33:25:669
1000,828491	103,931198	25,309999	1000,818604	2020-11-19T14:33:25:912
1000,826233	103,952339	25,320000	1000,806152	2020-11-19T14:33:26:150
1000,823547	103,973480	25,320000	1000,799561	2020-11-19T14:33:26:390
1000,823608	103,973480	25,320000	1000,824463	2020-11-19T14:33:26:630
1000,823792	103,970833	25,320000	1000,825684	2020-11-19T14:33:26:870
1000,827637	103,939125	25,320000	1000,862305	2020-11-19T14:33:27:111
1000,830444	103,915344	25,320000	1000,855469	2020-11-19T14:33:27:351
1000,832642	103,896851	25,320000	1000,852295	2020-11-19T14:33:27:592
1000,833984	103,886284	25,330000	1000,846436	2020-11-19T14:33:27:831
1000,836121	103,867790	25,320000	1000,855469	2020-11-19T14:33:28:071
1000,841003	103,825508	25,330000	1000,884521	2020-11-19T14:33:28:312
1000,847473	103,772667	25,330000	1000,905518	2020-11-19T14:33:28:551
1000,849487	103,756813	25,330000	1000,867676	2020-11-19T14:33:28:792
1000,849182	103,756813	25,330000	1000,846436	2020-11-19T14:33:29:033
1000,845337	103,791161	25,330000	1000,810791	2020-11-19T14:33:29:273
1000,840332	103,833435	25,320000	1000,794922	2020-11-19T14:33:29:513
1000,838623	103,846649	25,330000	1000,823242	2020-11-19T14:33:29:753
1000,837769	103,854576	25,330000	1000,829590	2020-11-19T14:33:29:993
1000,835266	103,875717	25,330000	1000,812988	2020-11-19T14:33:30:234
1000,833557	103,888924	25,340000	1000,818359	2020-11-19T14:33:30:479
1000,833069	103,894211	25,330000	1000,828369	2020-11-19T14:33:30:715
1000,833984	103,886284	25,330000	1000,842041	2020-11-19T14:33:30:954
1000,834900	103,878357	25,330000	1000,843506	2020-11-19T14:33:31:195
1000,835022	103,875717	25,330000	1000,835938	2020-11-19T14:33:31:436
1000,836487	103,865143	25,330000	1000,849365	2020-11-19T14:33:31:677
1000,838989	103,844009	25,330000	1000,861328	2020-11-19T14:33:31:915
1000,841736	103,820229	25,330000	1000,866455	2020-11-19T14:33:32:155
1000,843140	103,809654	25,330000	1000,855225	2020-11-19T14:33:32:396
1000,844238	103,799088	25,330000	1000,854492	2020-11-19T14:33:32:636
1000,842407	103,814941	25,330000	1000,825928	2020-11-19T14:33:32:876
1000,840759	103,828156	25,340000	1000,826416	2020-11-19T14:33:33:116
1000,841248	103,825508	25,330000	1000,845703	2020-11-19T14:33:33:356
1000,838928	103,844009	25,340000	1000,818115	2020-11-19T14:33:33:597
1000,838379	103,849289	25,340000	1000,833252	2020-11-19T14:33:33:837
1000,833374	103,891571	25,340000	1000,788330	2020-11-19T14:33:34:077
1000,831177	103,910065	25,340000	1000,811768	2020-11-19T14:33:34:319
1000,829956	103,920631	25,340000	1000,818604	2020-11-19T14:33:34:558
1000,830078	103,917992	25,340000	1000,831055	2020-11-19T14:33:34:798
1000,831543	103,907425	25,340000	1000,844482	2020-11-19T14:33:35:039
1000,834290	103,883644	25,340000	1000,859375	2020-11-19T14:33:35:279
1000,835693	103,870430	25,350000	1000,847900	2020-11-19T14:33:35:519
1000,836609	103,862503	25,340000	1000,845215	2020-11-19T14:33:35:759
1000,840576	103,830795	25,340000	1000,876221	2020-11-19T14:33:36:417
1000,840576	103,830795	25,350000	1000,840820	2020-11-19T14:33:36:565
1000,839355	103,841362	25,350000	1000,828613	2020-11-19T14:33:36:700
1000,837646	103,854576	25,350000	1000,822754	2020-11-19T14:33:36:720
1000,838135	103,849289	25,350000	1000,842773	2020-11-19T14:33:36:961
1000,835632	103,873070	25,350000	1000,813477	2020-11-19T14:33:37:204
1000,834717	103,878357	25,350000	1000,826172	2020-11-19T14:33:37:533
1000,833130	103,891571	25,350000	1000,819092	2020-11-19T14:33:37:867
1000,834534	103,880997	25,350000	1000,846924	2020-11-19T14:33:37:926
1000,837891	103,851936	25,350000	1000,868164	2020-11-19T14:33:38:169
1000,836731	103,862503	25,350000	1000,826172	2020-11-19T14:33:38:402
1000,838013	103,851936	25,350000	1000,849609	2020-11-19T14:33:38:655
1000,835876	103,870430	25,350000	1000,816162	2020-11-19T14:33:38:888
1000,835388	103,873070	25,359999	1000,830811	2020-11-19T14:33:39:165
1000,836914	103,862503	25,359999	1000,850342	2020-11-19T14:33:39:364
1000,835510	103,873070	25,359999	1000,823242	2020-11-19T14:33:39:604
1000,833069	103,894211	25,359999	1000,811035	2020-11-19T14:33:39:843
1000,833313	103,891571	25,359999	1000,835205	2020-11-19T14:33:40:089
1000,833191	103,891571	25,369999	1000,832275	2020-11-19T14:33:40:324
1000,834412	103,880997	25,369999	1000,844971	2020-11-19T14:33:40:565
1000,838867	103,844009	25,379999	1000,878418	2020-11-19T14:33:40:812
1000,839661	103,838722	25,379999	1000,846924	2020-11-19T14:33:41:060
1000,838806	103,844009	25,389999	1000,831055	2020-11-19T14:33:41:288
1000,838074	103,851936	25,389999	1000,831543	2020-11-19T14:33:41:528
1000,836243	103,867790	25,389999	1000,819580	2020-11-19T14:33:41:765
1000,834412	103,880997	25,400000	1000,817871	2020-11-19T14:33:42:016
1000,834412	103,880997	25,400000	1000,833984	2020-11-19T14:33:42:251
1000,833313	103,891571	25,410000	1000,823242	2020-11-19T14:33:42:487
1000,836304	103,865143	25,410000	1000,863281	2020-11-19T14:33:42:727
1000,834167	103,883644	25,410000	1000,815186	2020-11-19T14:33:42:967
1000,833801	103,886284	25,420000	1000,830322	2020-11-19T14:33:43:207
1000,831604	103,904778	25,420000	1000,811279	2020-11-19T14:33:43:447
1000,828979	103,928558	25,420000	1000,805420	2020-11-19T14:33:43:711
1000,827881	103,936485	25,439999	1000,818115	2020-11-19T14:33:43:928
1000,830139	103,917992	25,439999	1000,850586	2020-11-19T14:33:44:174
1000,830505	103,915344	25,439999	1000,833740	2020-11-19T14:33:44:411
1000,830444	103,915344	25,449999	1000,829590	2020-11-19T14:33:44:651
1000,830750	103,912704	25,449999	1000,833496	2020-11-19T14:33:44:893
1000,830200	103,917992	25,449999	1000,824951	2020-11-19T14:33:45:137
1000,831543	103,907425	25,459999	1000,843750	2020-11-19T14:33:45:372
1000,835938	103,870430	25,459999	1000,875488	2020-11-19T14:33:45:609
1000,838501	103,846649	25,469999	1000,861328	2020-11-19T14:33:45:850
1000,841187	103,825508	25,469999	1000,865479	2020-11-19T14:33:46:092
1000,842957	103,809654	25,469999	1000,859375	2020-11-19T14:33:46:331
1000,843689	103,804375	25,480000	1000,850098	2020-11-19T14:33:46:571
1000,843262	103,807014	25,480000	1000,839844	2020-11-19T14:33:46:813
1000,843750	103,804375	25,490000	1000,848145	2020-11-19T14:33:47:062
1000,843323	103,807014	25,490000	1000,839844	2020-11-19T14:33:47:291
1000,842285	103,814941	25,490000	1000,833008	2020-11-19T14:33:47:534
1000,841003	103,825508	25,490000	1000,829346	2020-11-19T14:33:47:772
1000,838867	103,844009	25,500000	1000,819336	2020-11-19T14:33:48:023
1000,836182	103,867790	25,500000	1000,812012	2020-11-19T14:33:48:252
1000,836426	103,865143	25,510000	1000,838379	2020-11-19T14:33:48:492
1000,835449	103,873070	25,510000	1000,826660	2020-11-19T14:33:48:742
1000,835205	103,875717	25,510000	1000,833008	2020-11-19T14:33:48:972
1000,835144	103,875717	25,519999	1000,834717	2020-11-19T14:33:49:214
1000,834290	103,883644	25,510000	1000,826904	2020-11-19T14:33:49:457
1000,836243	103,867790	25,510000	1000,853760	2020-11-19T14:33:49:693
1000,837830	103,854576	25,519999	1000,851562	2020-11-19T14:33:49:935
1000,838745	103,846649	25,519999	1000,847168	2020-11-19T14:33:50:177
1000,839539	103,838722	25,519999	1000,846680	2020-11-19T14:33:50:517
1000,838196	103,849289	25,519999	1000,826172	2020-11-19T14:33:50:816
1000,834656	103,880997	25,529999	1000,802979	2020-11-19T14:33:50:961
1000,834717	103,878357	25,539999	1000,835205	2020-11-19T14:33:51:135
1000,836792	103,862503	25,539999	1000,855713	2020-11-19T14:33:51:374
1000,837463	103,857216	25,529999	1000,843262	2020-11-19T14:33:51:614
1000,840515	103,830795	25,539999	1000,867432	2020-11-19T14:33:51:855
1000,843567	103,804375	25,539999	1000,870850	2020-11-19T14:33:52:095
1000,847229	103,775307	25,549999	1000,880127	2020-11-19T14:33:52:337
1000,849915	103,751526	25,539999	1000,873535	2020-11-19T14:33:52:575
1000,855347	103,706612	25,549999	1000,904053	2020-11-19T14:33:52:815
1000,858459	103,680183	25,549999	1000,886475	2020-11-19T14:33:53:056
1000,859619	103,669617	25,549999	1000,870117	2020-11-19T14:33:53:296
1000,860901	103,659050	25,559999	1000,872559	2020-11-19T14:33:53:537
1000,860413	103,664330	25,559999	1000,856201	2020-11-19T14:33:53:776
1000,858704	103,677544	25,559999	1000,843262	2020-11-19T14:33:54:017
1000,855347	103,706612	25,559999	1000,824707	2020-11-19T14:33:54:257
1000,850342	103,748886	25,570000	1000,805420	2020-11-19T14:33:54:497
1000,850037	103,751526	25,559999	1000,847412	2020-11-19T14:33:54:738
1000,849304	103,756813	25,570000	1000,842529	2020-11-19T14:33:54:981
1000,847046	103,775307	25,570000	1000,826904	2020-11-19T14:33:55:218
1000,846252	103,783234	25,570000	1000,838867	2020-11-19T14:33:55:458
1000,846497	103,780594	25,570000	1000,848877	2020-11-19T14:33:55:699
1000,846436	103,780594	25,570000	1000,845459	2020-11-19T14:33:55:941
1000,846741	103,777946	25,570000	1000,849609	2020-11-19T14:33:56:179
1000,849426	103,756813	25,580000	1000,873535	2020-11-19T14:33:56:419
1000,855286	103,706612	25,580000	1000,907959	2020-11-19T14:33:56:660
1000,858887	103,677544	25,580000	1000,891602	2020-11-19T14:33:56:901
1000,859009	103,674904	25,580000	1000,860352	2020-11-19T14:33:57:140
1000,856567	103,696037	25,580000	1000,834473	2020-11-19T14:33:57:381
1000,853638	103,719818	25,590000	1000,827637	2020-11-19T14:33:57:621
1000,854675	103,711891	25,580000	1000,864258	2020-11-19T14:33:57:860
1000,855103	103,709251	25,580000	1000,859131	2020-11-19T14:33:58:101
1000,852112	103,733032	25,580000	1000,825195	2020-11-19T14:33:58:341
1000,850403	103,746246	25,590000	1000,834961	2020-11-19T14:33:58:581
1000,846191	103,783234	25,590000	1000,808350	2020-11-19T14:33:58:821
1000,845032	103,793800	25,590000	1000,834961	2020-11-19T14:33:59:062
1000,844360	103,799088	25,590000	1000,838623	2020-11-19T14:33:59:302
1000,846252	103,783234	25,590000	1000,863525	2020-11-19T14:33:59:543
1000,843994	103,801727	25,590000	1000,823730	2020-11-19T14:33:59:782
1000,844177	103,799088	25,590000	1000,845459	2020-11-19T14:34:00:023
1000,847473	103,772667	25,590000	1000,876953	2020-11-19T14:34:00:262
1000,850220	103,748886	25,590000	1000,874756	2020-11-19T14:34:00:504
1000,853516	103,722466	25,590000	1000,883057	2020-11-19T14:34:00:743
1000,855042	103,709251	25,590000	1000,868896	2020-11-19T14:34:00:984
1000,854004	103,717178	25,590000	1000,844482	2020-11-19T14:34:01:223
1000,852661	103,727745	25,590000	1000,841064	2020-11-19T14:34:01:464
1000,849548	103,754166	25,590000	1000,821289	2020-11-19T14:34:01:704
1000,848083	103,767380	25,590000	1000,834717	2020-11-19T14:34:01:945
1000,848206	103,767380	25,590000	1000,849609	2020-11-19T14:34:02:185
1000,845764	103,785873	25,599998	1000,823730	2020-11-19T14:34:02:425
1000,846436	103,780594	25,590000	1000,852539	2020-11-19T14:34:02:666
1000,848206	103,767380	25,590000	1000,864258	2020-11-19T14:34:02:905
1000,848938	103,759453	25,590000	1000,855713	2020-11-19T14:34:03:146
1000,848267	103,764740	25,599998	1000,841797	2020-11-19T14:34:03:386
1000,849426	103,756813	25,590000	1000,859863	2020-11-19T14:34:03:627
1000,853149	103,725105	25,590000	1000,886719	2020-11-19T14:34:03:866
1000,855530	103,703964	25,599998	1000,876709	2020-11-19T14:34:04:107
1000,854553	103,711891	25,590000	1000,845947	2020-11-19T14:34:04:347
1000,854126	103,717178	25,590000	1000,849854	2020-11-19T14:34:04:587
1000,853638	103,719818	25,590000	1000,849365	2020-11-19T14:34:04:827
1000,852234	103,733032	25,599998	1000,839355	2020-11-19T14:34:05:071
1000,850525	103,746246	25,590000	1000,835205	2020-11-19T14:34:05:308
1000,849487	103,756813	25,590000	1000,840088	2020-11-19T14:34:05:548
1000,849854	103,751526	25,590000	1000,853027	2020-11-19T14:34:05:788
1000,849548	103,754166	25,590000	1000,847168	2020-11-19T14:34:06:029
1000,849487	103,756813	25,590000	1000,848633	2020-11-19T14:34:06:269
1000,846069	103,783234	25,599998	1000,815186	2020-11-19T14:34:06:509
1000,842712	103,812302	25,599998	1000,812744	2020-11-19T14:34:06:752
1000,840027	103,836082	25,590000	1000,815918	2020-11-19T14:34:06:990
1000,838379	103,849289	25,590000	1000,823730	2020-11-19T14:34:07:231
1000,838318	103,849289	25,599998	1000,837646	2020-11-19T14:34:07:471
1000,842468	103,814941	25,599998	1000,879639	2020-11-19T14:34:07:711
1000,845215	103,791161	25,590000	1000,870117	2020-11-19T14:34:07:951
1000,846863	103,777946	25,599998	1000,861816	2020-11-19T14:34:08:191
1000,846619	103,780594	25,590000	1000,844238	2020-11-19T14:34:08:432
1000,846497	103,780594	25,599998	1000,844971	2020-11-19T14:34:08:671
1000,845520	103,788521	25,599998	1000,836670	2020-11-19T14:34:08:912
1000,842529	103,814941	25,599998	1000,815918	2020-11-19T14:34:09:152
1000,840576	103,830795	25,599998	1000,822998	2020-11-19T14:34:09:392
1000,836182	103,867790	25,590000	1000,796631	2020-11-19T14:34:09:634
1000,835205	103,875717	25,599998	1000,825928	2020-11-19T14:34:09:872
1000,835876	103,870430	25,599998	1000,841797	2020-11-19T14:34:10:113
1000,839417	103,838722	25,590000	1000,871582	2020-11-19T14:34:10:353
1000,839417	103,838722	25,599998	1000,839844	2020-11-19T14:34:10:594
1000,840576	103,830795	25,599998	1000,851074	2020-11-19T14:34:10:833
1000,843933	103,801727	25,599998	1000,874268	2020-11-19T14:34:11:073
1000,843506	103,807014	25,599998	1000,839355	2020-11-19T14:34:11:313
1000,843872	103,801727	25,599998	1000,846680	2020-11-19T14:34:11:554
1000,842590	103,812302	25,599998	1000,830811	2020-11-19T14:34:11:794
1000,841370	103,822868	25,599998	1000,830566	2020-11-19T14:34:12:035
1000,842590	103,812302	25,599998	1000,853516	2020-11-19T14:34:12:275
1000,842712	103,812302	25,599998	1000,843994	2020-11-19T14:34:12:515
1000,844299	103,799088	25,599998	1000,858643	2020-11-19T14:34:12:757
1000,847351	103,772667	25,599998	1000,874756	2020-11-19T14:34:12:995
1000,845825	103,785873	25,609999	1000,832520	2020-11-19T14:34:13:236
1000,846619	103,780594	25,609999	1000,853516	2020-11-19T14:34:13:476
1000,848755	103,762093	25,599998	1000,867676	2020-11-19T14:34:13:716
1000,850464	103,746246	25,599998	1000,865967	2020-11-19T14:34:13:958
1000,848328	103,764740	25,599998	1000,829102	2020-11-19T14:34:14:197
1000,847778	103,770020	25,599998	1000,842529	2020-11-19T14:34:14:758
1000,847717	103,770020	25,599998	1000,846680	2020-11-19T14:34:14:760
1000,851440	103,738319	25,599998	1000,884521	2020-11-19T14:34:14:915
1000,852661	103,727745	25,599998	1000,863281	2020-11-19T14:34:15:157
1000,856567	103,696037	25,599998	1000,891357	2020-11-19T14:34:15:490
1000,857300	103,690758	25,599998	1000,864014	2020-11-19T14:34:15:650
1000,859192	103,674904	25,599998	1000,876465	2020-11-19T14:34:15:877
1000,859192	103,674904	25,609999	1000,859375	2020-11-19T14:34:16:119
1000,857361	103,688110	25,599998	1000,841064	2020-11-19T14:34:16:370
1000,853699	103,719818	25,609999	1000,820801	2020-11-19T14:34:16:598
1000,847229	103,775307	25,599998	1000,789062	2020-11-19T14:34:16:838
1000,847046	103,775307	25,609999	1000,844971	2020-11-19T14:34:17:082
1000,847168	103,775307	25,609999	1000,848389	2020-11-19T14:34:17:322
1000,849121	103,759453	25,609999	1000,866455	2020-11-19T14:34:17:565
1000,848511	103,764740	25,609999	1000,843506	2020-11-19T14:34:17:801
1000,845764	103,785873	25,619999	1000,821289	2020-11-19T14:34:18:043
1000,841248	103,825508	25,619999	1000,800781	2020-11-19T14:34:18:284
1000,837952	103,851936	25,619999	1000,808350	2020-11-19T14:34:18:524
1000,837463	103,857216	25,619999	1000,832764	2020-11-19T14:34:18:762
1000,837830	103,854576	25,619999	1000,841064	2020-11-19T14:34:19:023
1000,835938	103,870430	25,629999	1000,818848	2020-11-19T14:34:19:246
1000,831116	103,910065	25,629999	1000,787842	2020-11-19T14:34:19:484
1000,828796	103,928558	25,629999	1000,808105	2020-11-19T14:34:19:727
1000,828613	103,931198	25,629999	1000,826660	2020-11-19T14:34:19:963
1000,828308	103,933846	25,639999	1000,825439	2020-11-19T14:34:20:206
1000,830017	103,917992	25,639999	1000,844971	2020-11-19T14:34:20:444
1000,828735	103,928558	25,650000	1000,816895	2020-11-19T14:34:20:683
1000,827881	103,936485	25,650000	1000,820068	2020-11-19T14:34:20:927
1000,829102	103,925919	25,650000	1000,840332	2020-11-19T14:34:21:164
1000,829773	103,920631	25,650000	1000,835938	2020-11-19T14:34:21:404
1000,828613	103,931198	25,660000	1000,818115	2020-11-19T14:34:21:657
1000,828613	103,931198	25,670000	1000,828369	2020-11-19T14:34:21:885
1000,831787	103,904778	25,670000	1000,860107	2020-11-19T14:34:22:433
1000,832947	103,894211	25,670000	1000,843506	2020-11-19T14:34:22:434
1000,833801	103,886284	25,660000	1000,841309	2020-11-19T14:34:22:604
1000,837402	103,857216	25,670000	1000,869385	2020-11-19T14:34:22:845
1000,838684	103,846649	25,680000	1000,849854	2020-11-19T14:34:23:087
1000,840820	103,828156	25,680000	1000,859863	2020-11-19T14:34:23:327
1000,842346	103,814941	25,689999	1000,856201	2020-11-19T14:34:23:568
1000,842957	103,809654	25,680000	1000,847900	2020-11-19T14:34:23:807
1000,841614	103,822868	25,689999	1000,829346	2020-11-19T14:34:24:047
1000,842896	103,809654	25,689999	1000,854004	2020-11-19T14:34:24:288
1000,844971	103,793800	25,699999	1000,863525	2020-11-19T14:34:24:541
1000,845581	103,788521	25,699999	1000,851074	2020-11-19T14:34:25:149
1000,846313	103,783234	25,699999	1000,853027	2020-11-19T14:34:25:150
1000,846375	103,780594	25,709999	1000,847168	2020-11-19T14:34:25:286
1000,843018	103,809654	25,699999	1000,812988	2020-11-19T14:34:25:489
1000,839722	103,836082	25,709999	1000,810547	2020-11-19T14:34:25:727
1000,837952	103,851936	25,719999	1000,822021	2020-11-19T14:34:25:971
1000,836060	103,867790	25,719999	1000,818848	2020-11-19T14:34:26:209
1000,831360	103,907425	25,730000	1000,788818	2020-11-19T14:34:26:447
1000,830322	103,915344	25,719999	1000,820801	2020-11-19T14:34:26:688
1000,831116	103,910065	25,730000	1000,838135	2020-11-19T14:34:26:931
1000,833435	103,888924	25,730000	1000,854004	2020-11-19T14:34:27:171
1000,828552	103,931198	25,730000	1000,784668	2020-11-19T14:34:27:411
1000,828064	103,936485	25,740000	1000,823730	2020-11-19T14:34:27:650
1000,826294	103,949699	25,740000	1000,810547	2020-11-19T14:34:27:901
1000,828003	103,936485	25,750000	1000,843506	2020-11-19T14:34:28:131
1000,826843	103,944412	25,750000	1000,816406	2020-11-19T14:34:28:372
1000,830322	103,915344	25,760000	1000,861816	2020-11-19T14:34:28:612
